Year,Month,MonthDate,Route,Flights,Seat_Capacity,Seats_Occupied,Load_Factor
2022,2022-01,2022-01-01,110 KHI-DXB,17,3335,2678,0.803
2022,2022-01,2022-01-01,111 DXB-KHI,17,3335,810,0.2429
2022,2022-01,2022-01-01,112 KHI-SHJ,10,1910,1544,0.8084
2022,2022-01,2022-01-01,113 SHJ-KHI,10,1910,345,0.1806
2022,2022-01,2022-01-01,1704 KHI-JED,5,900,856,0.9511
2022,2022-01,2022-01-01,1705 JED-KHI,5,900,168,0.1867
2022,2022-01,2022-01-01,200 KHI-ISB,31,5690,4762,0.8369
2022,2022-01,2022-01-01,201 ISB-KHI,23,5182,3811,0.7354
2022,2022-01,2022-01-01,204 KHI-ISB,23,5142,4510,0.8771
2022,2022-01,2022-01-01,205 ISB-KHI,30,5510,4939,0.8964
2022,2022-01,2022-01-01,207 ISB-KHI,29,6469,5809,0.898
2022,2022-01,2022-01-01,208 KHI-ISB,28,6289,4938,0.7852
2022,2022-01,2022-01-01,210 ISB-DXB,13,2772,2422,0.8737
2022,2022-01,2022-01-01,211 DXB-ISB,13,2772,1843,0.6649
2022,2022-01,2022-01-01,212 ISB-SHJ,13,2875,2557,0.8894
2022,2022-01,2022-01-01,213 SHJ-ISB,14,3095,1911,0.6174
2022,2022-01,2022-01-01,216 ISB-DXB,18,3871,3431,0.8863
2022,2022-01,2022-01-01,217 DXB-ISB,18,3871,2406,0.6215
2022,2022-01,2022-01-01,230 ISB-AUH,18,3973,3296,0.8296
2022,2022-01,2022-01-01,231 AUH-ISB,18,3973,2105,0.5298
2022,2022-01,2022-01-01,260 ISB-RKT,4,910,838,0.9209
2022,2022-01,2022-01-01,261 RKT-ISB,4,910,85,0.0934
2022,2022-01,2022-01-01,2700 ISB-JED,4,910,878,0.9648
2022,2022-01,2022-01-01,2711 JED-ISB,4,910,412,0.4527
2022,2022-01,2022-01-01,2744 ISB-ISB,1,220,0,0
2022,2022-01,2022-01-01,2744 ISB-RUH,13,2980,2879,0.9661
2022,2022-01,2022-01-01,2746 ISB-RUH,4,925,887,0.9589
2022,2022-01,2022-01-01,2755 RUH-ISB,18,4125,3536,0.8572
2022,2022-01,2022-01-01,401 LHE-KHI,30,5440,4733,0.87
2022,2022-01,2022-01-01,402 KHI-LHE,30,5400,4818,0.8922
2022,2022-01,2022-01-01,405 LHE-KHI,29,5260,4686,0.8909
2022,2022-01,2022-01-01,406 KHI-LHE,28,5080,4258,0.8382
2022,2022-01,2022-01-01,410 LHE-DXB,31,6580,5712,0.8681
2022,2022-01,2022-01-01,411 DXB-LHE,31,6580,5030,0.7644
2022,2022-01,2022-01-01,412 LHE-SHJ,26,4920,4257,0.8652
2022,2022-01,2022-01-01,413 SHJ-LHE,26,4920,3234,0.6573
2022,2022-01,2022-01-01,430 LHE-AUH,17,3500,3023,0.8637
2022,2022-01,2022-01-01,431 AUH-LHE,17,3500,2213,0.6323
2022,2022-01,2022-01-01,460 LHE-RKT,4,800,742,0.9275
2022,2022-01,2022-01-01,461 RKT-LHE,4,800,73,0.0913
2022,2022-01,2022-01-01,4722 LHE-JED,5,1100,989,0.8991
2022,2022-01,2022-01-01,4733 JED-LHE,5,1100,468,0.4255
2022,2022-01,2022-01-01,502 KHI-UET,1,180,85,0.4722
2022,2022-01,2022-01-01,503 UET-KHI,1,180,152,0.8444
2022,2022-01,2022-01-01,602 KHI-PEW,9,1810,1188,0.6564
2022,2022-01,2022-01-01,603 PEW-KHI,9,1810,1530,0.8453
2022,2022-01,2022-01-01,610 PEW-DXB,18,3871,3419,0.8832
2022,2022-01,2022-01-01,611 DXB-PEW,18,3871,1176,0.3038
2022,2022-01,2022-01-01,612 PEW-SHJ,13,2875,2641,0.9186
2022,2022-01,2022-01-01,613 SHJ-PEW,13,2875,763,0.2654
2022,2022-01,2022-01-01,630 PEW-AUH,18,3973,3470,0.8734
2022,2022-01,2022-01-01,631 AUH-PEW,18,3973,2283,0.5746
2022,2022-01,2022-01-01,810 MUX-DXB,13,2772,2447,0.8828
2022,2022-01,2022-01-01,811 DXB-MUX,13,2772,1564,0.5642
2022,2022-01,2022-01-01,812 MUX-SHJ,18,3240,2913,0.8991
2022,2022-01,2022-01-01,813 SHJ-MUX,18,3240,1497,0.462
2022,2022-01,2022-01-01,8700 MUX-JED,3,660,584,0.8848
2022,2022-01,2022-01-01,8711 JED-MUX,3,660,330,0.5
2022,2022-01,2022-01-01,TOTALS,874,179406,134934,0.7521
2022,2022-02,2022-02-01,110 KHI-DXB,15,2865,2341,0.8171
2022,2022-02,2022-02-01,111 DXB-KHI,15,2865,1955,0.6824
2022,2022-02,2022-02-01,1704 KHI-JED,4,775,708,0.9135
2022,2022-02,2022-02-01,1705 JED-KHI,4,775,307,0.3961
2022,2022-02,2022-02-01,200 KHI-ISB,28,5324,5156,0.9684
2022,2022-02,2022-02-01,204 KHI-ISB,1,220,62,0.2818
2022,2022-02,2022-02-01,205 ISB-KHI,28,5507,4939,0.8969
2022,2022-02,2022-02-01,207 ISB-KHI,27,5854,5026,0.8586
2022,2022-02,2022-02-01,208 KHI-ISB,26,5785,5177,0.8949
2022,2022-02,2022-02-01,210 ISB-DXB,12,2592,2379,0.9178
2022,2022-02,2022-02-01,211 DXB-ISB,12,2592,2207,0.8515
2022,2022-02,2022-02-01,212 ISB-SHJ,12,2676,2372,0.8864
2022,2022-02,2022-02-01,213 SHJ-ISB,12,2661,2226,0.8365
2022,2022-02,2022-02-01,216 ISB-DXB,16,3464,3245,0.9368
2022,2022-02,2022-02-01,217 DXB-ISB,16,3464,2975,0.8588
2022,2022-02,2022-02-01,230 ISB-AUH,16,3526,3046,0.8639
2022,2022-02,2022-02-01,231 AUH-ISB,16,3541,2857,0.8068
2022,2022-02,2022-02-01,2700 ISB-JED,4,940,818,0.8702
2022,2022-02,2022-02-01,2711 JED-ISB,4,940,802,0.8532
2022,2022-02,2022-02-01,2744 ISB-RUH,12,2760,2675,0.9692
2022,2022-02,2022-02-01,2746 ISB-RUH,6,1410,1371,0.9723
2022,2022-02,2022-02-01,2755 RUH-ISB,16,3700,3451,0.9327
2022,2022-02,2022-02-01,2757 RUH-ISB,2,470,408,0.8681
2022,2022-02,2022-02-01,401 LHE-KHI,27,4900,4598,0.9384
2022,2022-02,2022-02-01,4011 LHE-KHI,1,235,136,0.5787
2022,2022-02,2022-02-01,402 KHI-LHE,27,4955,4760,0.9606
2022,2022-02,2022-02-01,4022 KHI-LHE,1,235,178,0.7574
2022,2022-02,2022-02-01,405 LHE-KHI,26,4735,4265,0.9007
2022,2022-02,2022-02-01,406 KHI-LHE,26,4680,4464,0.9538
2022,2022-02,2022-02-01,410 LHE-DXB,28,5992,5449,0.9094
2022,2022-02,2022-02-01,411 DXB-LHE,28,5992,5110,0.8528
2022,2022-02,2022-02-01,412 LHE-SHJ,24,4640,4148,0.894
2022,2022-02,2022-02-01,413 SHJ-LHE,24,4640,4033,0.8692
2022,2022-02,2022-02-01,430 LHE-AUH,16,3200,2837,0.8866
2022,2022-02,2022-02-01,431 AUH-LHE,16,3200,2612,0.8163
2022,2022-02,2022-02-01,4722 LHE-JED,4,880,807,0.917
2022,2022-02,2022-02-01,4733 JED-LHE,4,880,846,0.9614
2022,2022-02,2022-02-01,602 KHI-PEW,8,1440,1371,0.9521
2022,2022-02,2022-02-01,603 PEW-KHI,8,1440,1166,0.8097
2022,2022-02,2022-02-01,610 PEW-DXB,16,3464,3173,0.916
2022,2022-02,2022-02-01,611 DXB-PEW,16,3464,2144,0.6189
2022,2022-02,2022-02-01,612 PEW-SHJ,12,2676,2408,0.8999
2022,2022-02,2022-02-01,613 SHJ-PEW,12,2676,1256,0.4694
2022,2022-02,2022-02-01,630 PEW-AUH,16,3533,3059,0.8658
2022,2022-02,2022-02-01,631 AUH-PEW,16,3518,2707,0.7695
2022,2022-02,2022-02-01,810 MUX-DXB,12,2592,2338,0.902
2022,2022-02,2022-02-01,811 DXB-MUX,12,2592,1844,0.7114
2022,2022-02,2022-02-01,812 MUX-SHJ,16,2880,2577,0.8948
2022,2022-02,2022-02-01,813 SHJ-MUX,16,2880,1762,0.6118
2022,2022-02,2022-02-01,8700 MUX-JED,4,880,802,0.9114
2022,2022-02,2022-02-01,8711 JED-MUX,4,880,836,0.95
2022,2022-02,2022-02-01,TOTALS,724,148785,128189,0.8616
2022,2022-03,2022-03-01,110 KHI-DXB,17,3060,2937,0.9598
2022,2022-03,2022-03-01,111 DXB-KHI,17,3060,2768,0.9046
2022,2022-03,2022-03-01,1700 KHI-JED,1,180,180,1
2022,2022-03,2022-03-01,1704 KHI-JED,3,540,503,0.9315
2022,2022-03,2022-03-01,1705 JED-KHI,3,540,282,0.5222
2022,2022-03,2022-03-01,1711 JED-KHI,1,180,103,0.5722
2022,2022-03,2022-03-01,200 KHI-ISB,31,5635,5403,0.9588
2022,2022-03,2022-03-01,205 ISB-KHI,31,5620,5403,0.9614
2022,2022-03,2022-03-01,207 ISB-KHI,31,6544,6095,0.9314
2022,2022-03,2022-03-01,208 KHI-ISB,31,6544,6320,0.9658
2022,2022-03,2022-03-01,210 ISB-DXB,13,2897,2747,0.9482
2022,2022-03,2022-03-01,211 DXB-ISB,13,2897,2734,0.9437
2022,2022-03,2022-03-01,212 ISB-SHJ,13,2987,2848,0.9535
2022,2022-03,2022-03-01,213 SHJ-ISB,13,2987,2537,0.8493
2022,2022-03,2022-03-01,216 ISB-DXB,18,3997,3861,0.966
2022,2022-03,2022-03-01,217 DXB-ISB,18,3997,3622,0.9062
2022,2022-03,2022-03-01,230 ISB-AUH,16,3542,3280,0.926
2022,2022-03,2022-03-01,230 ISB-DXB,2,455,444,0.9758
2022,2022-03,2022-03-01,231 AUH-ISB,16,3542,3346,0.9447
2022,2022-03,2022-03-01,231 DXB-ISB,2,455,354,0.778
2022,2022-03,2022-03-01,2700 ISB-JED,6,1410,1381,0.9794
2022,2022-03,2022-03-01,2711 JED-ISB,6,1410,1246,0.8837
2022,2022-03,2022-03-01,2744 ISB-RUH,13,3040,3002,0.9875
2022,2022-03,2022-03-01,2746 ISB-RUH,5,1175,1155,0.983
2022,2022-03,2022-03-01,2747 RUH-ISB,1,235,227,0.966
2022,2022-03,2022-03-01,2755 RUH-ISB,17,3980,3872,0.9729
2022,2022-03,2022-03-01,401 LHE-KHI,31,5700,5532,0.9705
2022,2022-03,2022-03-01,402 KHI-LHE,31,5700,5462,0.9582
2022,2022-03,2022-03-01,405 LHE-KHI,29,5300,5012,0.9457
2022,2022-03,2022-03-01,406 KHI-LHE,29,5340,5014,0.939
2022,2022-03,2022-03-01,410 LHE-DXB,31,6580,6389,0.971
2022,2022-03,2022-03-01,411 DXB-LHE,31,6580,6042,0.9182
2022,2022-03,2022-03-01,412 LHE-SHJ,27,5380,5137,0.9548
2022,2022-03,2022-03-01,413 SHJ-LHE,27,5380,4452,0.8275
2022,2022-03,2022-03-01,430 LHE-AUH,17,3300,3118,0.9448
2022,2022-03,2022-03-01,431 AUH-LHE,17,3300,3037,0.9203
2022,2022-03,2022-03-01,4722 LHE-JED,7,1540,1505,0.9773
2022,2022-03,2022-03-01,4733 JED-LHE,7,1540,867,0.563
2022,2022-03,2022-03-01,4744 LHE-RUH,3,660,635,0.9621
2022,2022-03,2022-03-01,4755 RUH-LHE,3,660,373,0.5652
2022,2022-03,2022-03-01,602 KHI-PEW,9,1660,1583,0.9536
2022,2022-03,2022-03-01,603 PEW-KHI,9,1660,1553,0.9355
2022,2022-03,2022-03-01,610 PEW-DXB,18,3997,3832,0.9587
2022,2022-03,2022-03-01,611 DXB-PEW,18,3997,3294,0.8241
2022,2022-03,2022-03-01,612 PEW-SHJ,13,2987,2855,0.9558
2022,2022-03,2022-03-01,613 SHJ-PEW,13,2987,2186,0.7318
2022,2022-03,2022-03-01,630 PEW-AUH,16,3542,3325,0.9387
2022,2022-03,2022-03-01,630 PEW-DXB,2,455,439,0.9648
2022,2022-03,2022-03-01,631 AUH-PEW,16,3542,3253,0.9184
2022,2022-03,2022-03-01,631 DXB-PEW,2,455,404,0.8879
2022,2022-03,2022-03-01,6700 PEW-JED,1,180,180,1
2022,2022-03,2022-03-01,6711 JED-PEW,1,180,101,0.5611
2022,2022-03,2022-03-01,810 MUX-DXB,13,2897,2772,0.9569
2022,2022-03,2022-03-01,811 DXB-MUX,13,2897,2360,0.8146
2022,2022-03,2022-03-01,812 MUX-SHJ,17,3180,3061,0.9626
2022,2022-03,2022-03-01,813 SHJ-MUX,17,3180,2372,0.7459
2022,2022-03,2022-03-01,8700 MUX-JED,7,1540,1525,0.9903
2022,2022-03,2022-03-01,8711 JED-MUX,7,1540,1116,0.7247
2022,2022-03,2022-03-01,TOTALS,820,168745,155436,0.9211
2022,2022-04,2022-04-01,110 KHI-DXB,14,2520,2233,0.8861
2022,2022-04,2022-04-01,111 DXB-KHI,14,2520,2220,0.881
2022,2022-04,2022-04-01,1700 KHI-JED,12,2160,2126,0.9843
2022,2022-04,2022-04-01,1711 JED-KHI,12,2160,1542,0.7139
2022,2022-04,2022-04-01,200 KHI-ISB,30,5559,4486,0.807
2022,2022-04,2022-04-01,205 ISB-KHI,30,5519,3368,0.6103
2022,2022-04,2022-04-01,207 ISB-KHI,7,1468,862,0.5872
2022,2022-04,2022-04-01,208 KHI-ISB,7,1428,1111,0.778
2022,2022-04,2022-04-01,210 ISB-DXB,12,2790,2541,0.9108
2022,2022-04,2022-04-01,211 DXB-ISB,12,2790,2552,0.9147
2022,2022-04,2022-04-01,212 ISB-SHJ,12,2745,2276,0.8291
2022,2022-04,2022-04-01,213 SHJ-ISB,12,2745,2410,0.878
2022,2022-04,2022-04-01,216 ISB-DXB,11,2479,2092,0.8439
2022,2022-04,2022-04-01,217 DXB-ISB,11,2479,2185,0.8814
2022,2022-04,2022-04-01,230 ISB-AUH,15,3234,2493,0.7709
2022,2022-04,2022-04-01,231 AUH-ISB,15,3234,2809,0.8686
2022,2022-04,2022-04-01,2700 ISB-JED,16,3760,3684,0.9798
2022,2022-04,2022-04-01,2711 JED-ISB,16,3760,2342,0.6229
2022,2022-04,2022-04-01,2744 ISB-RUH,18,4170,4098,0.9827
2022,2022-04,2022-04-01,2755 RUH-ISB,17,3935,3738,0.9499
2022,2022-04,2022-04-01,401 LHE-KHI,29,5740,3796,0.6613
2022,2022-04,2022-04-01,402 KHI-LHE,29,5740,3644,0.6348
2022,2022-04,2022-04-01,405 LHE-KHI,9,1700,1027,0.6041
2022,2022-04,2022-04-01,406 KHI-LHE,9,1740,1252,0.7195
2022,2022-04,2022-04-01,410 LHE-DXB,25,5435,5207,0.958
2022,2022-04,2022-04-01,411 DXB-LHE,25,5435,4801,0.8833
2022,2022-04,2022-04-01,412 LHE-SHJ,19,4100,3625,0.8841
2022,2022-04,2022-04-01,413 SHJ-LHE,19,4100,3051,0.7441
2022,2022-04,2022-04-01,430 LHE-AUH,15,3035,2771,0.913
2022,2022-04,2022-04-01,431 AUH-LHE,15,3035,2389,0.7871
2022,2022-04,2022-04-01,4700 LHE-JED,3,660,657,0.9955
2022,2022-04,2022-04-01,4711 JED-LHE,3,660,501,0.7591
2022,2022-04,2022-04-01,4722 LHE-JED,12,2640,2610,0.9886
2022,2022-04,2022-04-01,4733 JED-LHE,12,2640,1964,0.7439
2022,2022-04,2022-04-01,4744 LHE-RUH,4,880,791,0.8989
2022,2022-04,2022-04-01,4755 RUH-LHE,4,880,623,0.708
2022,2022-04,2022-04-01,602 KHI-PEW,2,360,255,0.7083
2022,2022-04,2022-04-01,603 PEW-KHI,2,360,163,0.4528
2022,2022-04,2022-04-01,610 PEW-DXB,9,2047,1410,0.6888
2022,2022-04,2022-04-01,611 DXB-PEW,9,2047,1810,0.8842
2022,2022-04,2022-04-01,612 PEW-SHJ,9,2070,1446,0.6986
2022,2022-04,2022-04-01,613 SHJ-PEW,9,2070,1711,0.8266
2022,2022-04,2022-04-01,630 PEW-AUH,12,2590,1783,0.6884
2022,2022-04,2022-04-01,631 AUH-PEW,12,2590,2438,0.9413
2022,2022-04,2022-04-01,6700 PEW-JED,12,2160,2149,0.9949
2022,2022-04,2022-04-01,6711 JED-PEW,12,2160,1070,0.4954
2022,2022-04,2022-04-01,810 MUX-DXB,11,2570,2310,0.8988
2022,2022-04,2022-04-01,811 DXB-MUX,11,2570,2132,0.8296
2022,2022-04,2022-04-01,812 MUX-SHJ,13,2820,2474,0.8773
2022,2022-04,2022-04-01,813 SHJ-MUX,13,2820,1791,0.6351
2022,2022-04,2022-04-01,8700 MUX-JED,15,3300,3217,0.9748
2022,2022-04,2022-04-01,8711 JED-MUX,15,3300,2298,0.6964
2022,2022-04,2022-04-01,TOTALS,691,145709,118334,0.8121
2022,2022-05,2022-05-01,110 KHI-DXB,16,2920,2738,0.9377
2022,2022-05,2022-05-01,111 DXB-KHI,16,2920,2290,0.7842
2022,2022-05,2022-05-01,1700 KHI-JED,10,1800,1762,0.9789
2022,2022-05,2022-05-01,1711 JED-KHI,10,1800,1777,0.9872
2022,2022-05,2022-05-01,200 KHI-ISB,28,5040,4725,0.9375
2022,2022-05,2022-05-01,205 ISB-KHI,28,5040,4304,0.854
2022,2022-05,2022-05-01,207 ISB-KHI,31,6787,5482,0.8077
2022,2022-05,2022-05-01,208 KHI-ISB,31,6787,5497,0.8099
2022,2022-05,2022-05-01,210 ISB-DXB,16,3595,3412,0.9491
2022,2022-05,2022-05-01,211 DXB-ISB,16,3595,3014,0.8384
2022,2022-05,2022-05-01,212 ISB-SHJ,13,2995,2873,0.9593
2022,2022-05,2022-05-01,213 SHJ-ISB,12,2775,2124,0.7654
2022,2022-05,2022-05-01,216 ISB-DXB,13,2972,2770,0.932
2022,2022-05,2022-05-01,217 DXB-ISB,13,2972,2340,0.7873
2022,2022-05,2022-05-01,230 ISB-AUH,18,3948,3526,0.8931
2022,2022-05,2022-05-01,231 AUH-ISB,18,3948,2674,0.6773
2022,2022-05,2022-05-01,2700 ISB-JED,13,3055,2972,0.9728
2022,2022-05,2022-05-01,2711 JED-ISB,13,3055,2942,0.963
2022,2022-05,2022-05-01,2744 ISB-RUH,17,3980,3865,0.9711
2022,2022-05,2022-05-01,2755 RUH-ISB,18,4215,3186,0.7559
2022,2022-05,2022-05-01,401 LHE-KHI,28,5320,4764,0.8955
2022,2022-05,2022-05-01,402 KHI-LHE,28,5280,4046,0.7663
2022,2022-05,2022-05-01,405 LHE-KHI,30,5560,4369,0.7858
2022,2022-05,2022-05-01,406 KHI-LHE,29,5380,4352,0.8089
2022,2022-05,2022-05-01,410 LHE-DXB,26,5720,5543,0.9691
2022,2022-05,2022-05-01,410 LHE-LHE,1,220,0,0
2022,2022-05,2022-05-01,411 DXB-LHE,26,5720,4837,0.8456
2022,2022-05,2022-05-01,412 LHE-SHJ,28,6120,5894,0.9631
2022,2022-05,2022-05-01,413 SHJ-LHE,28,6120,3821,0.6243
2022,2022-05,2022-05-01,430 LHE-AUH,17,3540,3363,0.95
2022,2022-05,2022-05-01,431 AUH-LHE,17,3540,2523,0.7127
2022,2022-05,2022-05-01,4700 LHE-JED,3,660,630,0.9545
2022,2022-05,2022-05-01,4711 JED-LHE,3,660,653,0.9894
2022,2022-05,2022-05-01,4722 LHE-JED,11,2420,2320,0.9587
2022,2022-05,2022-05-01,4733 JED-LHE,11,2420,2362,0.976
2022,2022-05,2022-05-01,4744 LHE-RUH,5,1100,1077,0.9791
2022,2022-05,2022-05-01,4755 RUH-LHE,5,1100,440,0.4
2022,2022-05,2022-05-01,602 KHI-PEW,9,1620,1507,0.9302
2022,2022-05,2022-05-01,603 PEW-KHI,9,1620,1354,0.8358
2022,2022-05,2022-05-01,610 PEW-DXB,12,2737,2463,0.8999
2022,2022-05,2022-05-01,611 DXB-PEW,12,2737,1667,0.6091
2022,2022-05,2022-05-01,612 PEW-SHJ,12,2775,2546,0.9175
2022,2022-05,2022-05-01,613 SHJ-PEW,12,2775,1363,0.4912
2022,2022-05,2022-05-01,630 PEW-AUH,18,3948,3508,0.8886
2022,2022-05,2022-05-01,631 AUH-PEW,18,3948,2992,0.7579
2022,2022-05,2022-05-01,6700 PEW-JED,10,1840,1699,0.9234
2022,2022-05,2022-05-01,6711 JED-PEW,10,1840,1576,0.8565
2022,2022-05,2022-05-01,810 MUX-DXB,10,2275,2095,0.9209
2022,2022-05,2022-05-01,811 DXB-MUX,10,2275,1904,0.8369
2022,2022-05,2022-05-01,812 MUX-SHJ,17,3700,3552,0.96
2022,2022-05,2022-05-01,813 SHJ-MUX,17,3700,2131,0.5759
2022,2022-05,2022-05-01,8700 MUX-JED,14,3080,3058,0.9929
2022,2022-05,2022-05-01,8711 JED-MUX,14,3080,3013,0.9782
2022,2022-05,2022-05-01,TOTALS,850,179029,151695,0.8473
2022,2022-06,2022-06-01,110 KHI-DXB,15,2892,2756,0.953
2022,2022-06,2022-06-01,111 DXB-KHI,15,2892,2728,0.9433
2022,2022-06,2022-06-01,170 KHI-JED,5,900,887,0.9856
2022,2022-06,2022-06-01,171 JED-KHI,6,1080,714,0.6611
2022,2022-06,2022-06-01,172 KHI-JED,1,235,234,0.9957
2022,2022-06,2022-06-01,173 JED-KHI,1,180,55,0.3056
2022,2022-06,2022-06-01,174 KHI-JED,1,180,149,0.8278
2022,2022-06,2022-06-01,176 KHI-MED,3,540,531,0.9833
2022,2022-06,2022-06-01,177 MED-KHI,3,540,169,0.313
2022,2022-06,2022-06-01,200 KHI-ISB,30,5816,5584,0.9601
2022,2022-06,2022-06-01,204 KHI-ISB,1,180,145,0.8056
2022,2022-06,2022-06-01,205 ISB-KHI,30,5816,4870,0.8373
2022,2022-06,2022-06-01,207 ISB-KHI,30,6086,5742,0.9435
2022,2022-06,2022-06-01,208 KHI-ISB,30,6071,5419,0.8926
2022,2022-06,2022-06-01,210 ISB-DXB,16,3595,3436,0.9558
2022,2022-06,2022-06-01,211 DXB-ISB,16,3595,3416,0.9502
2022,2022-06,2022-06-01,212 ISB-SHJ,12,2707,2574,0.9509
2022,2022-06,2022-06-01,213 SHJ-ISB,13,2927,2714,0.9272
2022,2022-06,2022-06-01,216 ISB-DXB,13,2890,2760,0.955
2022,2022-06,2022-06-01,217 DXB-ISB,13,2890,2517,0.8709
2022,2022-06,2022-06-01,230 ISB-AUH,17,3755,3626,0.9656
2022,2022-06,2022-06-01,231 AUH-ISB,17,3755,3355,0.8935
2022,2022-06,2022-06-01,270 ISB-JED,2,470,435,0.9255
2022,2022-06,2022-06-01,271 JED-ISB,2,470,431,0.917
2022,2022-06,2022-06-01,272 ISB-JED,2,415,413,0.9952
2022,2022-06,2022-06-01,273 JED-ISB,1,235,232,0.9872
2022,2022-06,2022-06-01,274 ISB-RUH,17,3965,3894,0.9821
2022,2022-06,2022-06-01,275 RUH-ISB,17,3965,3819,0.9632
2022,2022-06,2022-06-01,276 ISB-MED,4,940,873,0.9287
2022,2022-06,2022-06-01,277 MED-ISB,4,940,112,0.1191
2022,2022-06,2022-06-01,401 LHE-KHI,30,6375,5283,0.8287
2022,2022-06,2022-06-01,402 KHI-LHE,29,6195,5068,0.8181
2022,2022-06,2022-06-01,404 KHI-LHE,1,220,35,0.1591
2022,2022-06,2022-06-01,405 LHE-KHI,29,6200,5467,0.8818
2022,2022-06,2022-06-01,406 KHI-LHE,28,5980,5028,0.8408
2022,2022-06,2022-06-01,410 LHE-DXB,25,5665,5466,0.9649
2022,2022-06,2022-06-01,411 DXB-LHE,25,5665,5233,0.9237
2022,2022-06,2022-06-01,412 LHE-SHJ,24,5385,5060,0.9396
2022,2022-06,2022-06-01,413 SHJ-LHE,24,5385,4802,0.8917
2022,2022-06,2022-06-01,430 LHE-AUH,17,3785,3621,0.9567
2022,2022-06,2022-06-01,431 AUH-LHE,17,3785,3154,0.8333
2022,2022-06,2022-06-01,472 LHE-JED,4,910,780,0.8571
2022,2022-06,2022-06-01,473 JED-LHE,5,1145,1071,0.9354
2022,2022-06,2022-06-01,476 LHE-MED,2,470,422,0.8979
2022,2022-06,2022-06-01,477 MED-LHE,2,470,67,0.1426
2022,2022-06,2022-06-01,602 KHI-PEW,7,1324,1017,0.7681
2022,2022-06,2022-06-01,603 PEW-KHI,7,1324,1034,0.781
2022,2022-06,2022-06-01,610 PEW-DXB,14,3125,2802,0.8966
2022,2022-06,2022-06-01,611 DXB-PEW,14,3125,2738,0.8762
2022,2022-06,2022-06-01,612 PEW-SHJ,10,2237,2168,0.9692
2022,2022-06,2022-06-01,613 SHJ-PEW,10,2237,1978,0.8842
2022,2022-06,2022-06-01,630 PEW-AUH,17,3755,3590,0.9561
2022,2022-06,2022-06-01,631 AUH-PEW,17,3755,3670,0.9774
2022,2022-06,2022-06-01,670 PEW-JED,2,360,360,1
2022,2022-06,2022-06-01,671 JED-PEW,2,360,296,0.8222
2022,2022-06,2022-06-01,810 MUX-DXB,8,1775,1537,0.8659
2022,2022-06,2022-06-01,811 DXB-MUX,8,1775,1718,0.9679
2022,2022-06,2022-06-01,812 MUX-SHJ,12,2685,2495,0.9292
2022,2022-06,2022-06-01,813 SHJ-MUX,12,2685,2450,0.9125
2022,2022-06,2022-06-01,876 MUX-MED,2,470,387,0.8234
2022,2022-06,2022-06-01,877 MED-MUX,2,470,73,0.1553
2022,2022-06,2022-06-01,TOTALS,743,160019,143460,0.8965
2022,2022-07,2022-07-01,110 KHI-DXB,23,4236,3723,0.8789
2022,2022-07,2022-07-01,111 DXB-KHI,23,4236,4027,0.9507
2022,2022-07,2022-07-01,170 KHI-JED,5,900,864,0.96
2022,2022-07,2022-07-01,171 JED-KHI,5,900,708,0.7867
2022,2022-07,2022-07-01,176 KHI-MED,3,580,306,0.5276
2022,2022-07,2022-07-01,177 MED-KHI,3,580,531,0.9155
2022,2022-07,2022-07-01,178 KHI-MED,1,220,125,0.5682
2022,2022-07,2022-07-01,179 MED-KHI,1,220,210,0.9545
2022,2022-07,2022-07-01,200 KHI-ISB,30,5536,5423,0.9796
2022,2022-07,2022-07-01,201 ISB-KHI,1,180,124,0.6889
2022,2022-07,2022-07-01,205 ISB-KHI,30,5536,5103,0.9218
2022,2022-07,2022-07-01,207 ISB-KHI,29,5520,5101,0.9241
2022,2022-07,2022-07-01,208 KHI-ISB,29,5520,5203,0.9426
2022,2022-07,2022-07-01,210 ISB-DXB,14,3069,2888,0.941
2022,2022-07,2022-07-01,211 DXB-ISB,14,3069,2897,0.944
2022,2022-07,2022-07-01,212 ISB-SHJ,12,2637,2491,0.9446
2022,2022-07,2022-07-01,213 SHJ-ISB,11,2417,2245,0.9288
2022,2022-07,2022-07-01,216 ISB-DXB,16,3495,3337,0.9548
2022,2022-07,2022-07-01,217 DXB-ISB,16,3495,3353,0.9594
2022,2022-07,2022-07-01,230 ISB-AUH,16,3412,3011,0.8825
2022,2022-07,2022-07-01,231 AUH-ISB,16,3412,3234,0.9478
2022,2022-07,2022-07-01,232 ISB-AUH,2,455,423,0.9297
2022,2022-07,2022-07-01,233 AUH-ISB,2,455,432,0.9495
2022,2022-07,2022-07-01,251 ISB-KDU,12,2160,1863,0.8625
2022,2022-07,2022-07-01,252 KDU-ISB,12,2160,1876,0.8685
2022,2022-07,2022-07-01,270 ISB-JED,9,2060,1925,0.9345
2022,2022-07,2022-07-01,271 JED-ISB,9,2060,2006,0.9738
2022,2022-07,2022-07-01,272 ISB-JED,1,220,220,1
2022,2022-07,2022-07-01,273 JED-ISB,1,220,213,0.9682
2022,2022-07,2022-07-01,274 ISB-RUH,18,4080,3971,0.9733
2022,2022-07,2022-07-01,275 RUH-ISB,18,4080,3751,0.9194
2022,2022-07,2022-07-01,276 ISB-MED,1,235,207,0.8809
2022,2022-07,2022-07-01,277 MED-ISB,1,235,221,0.9404
2022,2022-07,2022-07-01,278 ISB-RUH,2,455,447,0.9824
2022,2022-07,2022-07-01,279 RUH-ISB,2,455,361,0.7934
2022,2022-07,2022-07-01,401 LHE-KHI,30,6525,5316,0.8147
2022,2022-07,2022-07-01,402 KHI-LHE,30,6565,5604,0.8536
2022,2022-07,2022-07-01,405 LHE-KHI,20,4280,3324,0.7766
2022,2022-07,2022-07-01,406 KHI-LHE,19,4060,2993,0.7372
2022,2022-07,2022-07-01,410 LHE-DXB,31,7015,6674,0.9514
2022,2022-07,2022-07-01,411 DXB-LHE,31,7015,6744,0.9614
2022,2022-07,2022-07-01,412 LHE-SHJ,29,6405,5908,0.9224
2022,2022-07,2022-07-01,413 SHJ-LHE,29,6405,5705,0.8907
2022,2022-07,2022-07-01,416 LHE-DXB,1,220,214,0.9727
2022,2022-07,2022-07-01,417 DXB-LHE,1,220,220,1
2022,2022-07,2022-07-01,430 LHE-AUH,18,4005,3725,0.9301
2022,2022-07,2022-07-01,431 AUH-LHE,18,4005,3695,0.9226
2022,2022-07,2022-07-01,470 LHE-JED,3,660,528,0.8
2022,2022-07,2022-07-01,471 JED-LHE,3,660,630,0.9545
2022,2022-07,2022-07-01,472 LHE-JED,4,940,857,0.9117
2022,2022-07,2022-07-01,473 JED-LHE,4,940,927,0.9862
2022,2022-07,2022-07-01,476 LHE-MED,2,455,363,0.7978
2022,2022-07,2022-07-01,477 MED-LHE,2,455,389,0.8549
2022,2022-07,2022-07-01,602 KHI-PEW,8,1472,1240,0.8424
2022,2022-07,2022-07-01,603 PEW-KHI,8,1472,1289,0.8757
2022,2022-07,2022-07-01,610 PEW-DXB,16,3495,2731,0.7814
2022,2022-07,2022-07-01,611 DXB-PEW,16,3495,2692,0.7702
2022,2022-07,2022-07-01,612 PEW-SHJ,12,2637,2264,0.8586
2022,2022-07,2022-07-01,613 SHJ-PEW,12,2637,1877,0.7118
2022,2022-07,2022-07-01,630 PEW-AUH,17,3632,2986,0.8221
2022,2022-07,2022-07-01,631 AUH-PEW,17,3632,3218,0.886
2022,2022-07,2022-07-01,670 PEW-JED,1,180,179,0.9944
2022,2022-07,2022-07-01,671 JED-PEW,1,180,176,0.9778
2022,2022-07,2022-07-01,676 PEW-MED,1,180,178,0.9889
2022,2022-07,2022-07-01,677 MED-PEW,1,180,152,0.8444
2022,2022-07,2022-07-01,810 MUX-DXB,13,2849,2628,0.9224
2022,2022-07,2022-07-01,811 DXB-MUX,13,2849,2526,0.8866
2022,2022-07,2022-07-01,812 MUX-SHJ,16,3470,3217,0.9271
2022,2022-07,2022-07-01,813 SHJ-MUX,16,3470,2791,0.8043
2022,2022-07,2022-07-01,870 MUX-JED,5,1160,1109,0.956
2022,2022-07,2022-07-01,871 JED-MUX,5,1160,1134,0.9776
2022,2022-07,2022-07-01,TOTALS,841,177480,159023,0.896
2022,2022-08,2022-08-01,110 KHI-DXB,21,3812,3651,0.9578
2022,2022-08,2022-08-01,111 DXB-KHI,21,3812,2708,0.7104
2022,2022-08,2022-08-01,170 KHI-JED,9,1675,1667,0.9952
2022,2022-08,2022-08-01,171 JED-KHI,9,1675,1094,0.6531
2022,2022-08,2022-08-01,176 KHI-MED,3,540,508,0.9407
2022,2022-08,2022-08-01,177 MED-KHI,2,360,337,0.9361
2022,2022-08,2022-08-01,200 KHI-ISB,30,5629,5074,0.9014
2022,2022-08,2022-08-01,205 ISB-KHI,29,5362,4991,0.9308
2022,2022-08,2022-08-01,207 ISB-KHI,28,5470,5154,0.9422
2022,2022-08,2022-08-01,208 KHI-ISB,28,5415,4355,0.8042
2022,2022-08,2022-08-01,210 ISB-DXB,13,2905,2857,0.9835
2022,2022-08,2022-08-01,211 DXB-ISB,13,2905,2322,0.7993
2022,2022-08,2022-08-01,212 ISB-SHJ,13,2705,2627,0.9712
2022,2022-08,2022-08-01,213 SHJ-ISB,14,2925,2443,0.8352
2022,2022-08,2022-08-01,216 ISB-DXB,18,3990,3857,0.9667
2022,2022-08,2022-08-01,217 DXB-ISB,18,3990,3280,0.8221
2022,2022-08,2022-08-01,230 ISB-AUH,17,3595,3502,0.9741
2022,2022-08,2022-08-01,231 AUH-ISB,17,3595,2675,0.7441
2022,2022-08,2022-08-01,251 ISB-KDU,16,2880,1734,0.6021
2022,2022-08,2022-08-01,252 KDU-ISB,16,2880,2558,0.8882
2022,2022-08,2022-08-01,270 ISB-JED,11,2335,2319,0.9931
2022,2022-08,2022-08-01,271 JED-ISB,11,2335,938,0.4017
2022,2022-08,2022-08-01,274 ISB-RUH,18,4095,4042,0.9871
2022,2022-08,2022-08-01,275 RUH-ISB,17,3860,3076,0.7969
2022,2022-08,2022-08-01,276 ISB-MED,3,705,665,0.9433
2022,2022-08,2022-08-01,277 MED-ISB,3,705,514,0.7291
2022,2022-08,2022-08-01,278 ISB-RUH,3,690,686,0.9942
2022,2022-08,2022-08-01,279 RUH-ISB,3,690,253,0.3667
2022,2022-08,2022-08-01,401 LHE-KHI,25,5002,4383,0.8762
2022,2022-08,2022-08-01,402 KHI-LHE,26,5182,3984,0.7688
2022,2022-08,2022-08-01,405 LHE-KHI,21,4012,3320,0.8275
2022,2022-08,2022-08-01,406 KHI-LHE,21,4012,2997,0.747
2022,2022-08,2022-08-01,410 LHE-DXB,30,6602,6426,0.9733
2022,2022-08,2022-08-01,411 DXB-LHE,31,6837,5815,0.8505
2022,2022-08,2022-08-01,412 LHE-SHJ,26,5530,5309,0.96
2022,2022-08,2022-08-01,413 SHJ-LHE,26,5530,3896,0.7045
2022,2022-08,2022-08-01,430 LHE-AUH,17,3592,3413,0.9502
2022,2022-08,2022-08-01,431 AUH-LHE,17,3592,2865,0.7976
2022,2022-08,2022-08-01,470 LHE-JED,2,440,440,1
2022,2022-08,2022-08-01,471 JED-LHE,2,440,132,0.3
2022,2022-08,2022-08-01,472 LHE-JED,8,1850,1830,0.9892
2022,2022-08,2022-08-01,473 JED-LHE,8,1850,797,0.4308
2022,2022-08,2022-08-01,476 LHE-MED,3,650,533,0.82
2022,2022-08,2022-08-01,477 MED-LHE,2,415,342,0.8241
2022,2022-08,2022-08-01,602 KHI-PEW,5,900,735,0.8167
2022,2022-08,2022-08-01,603 PEW-KHI,6,1080,854,0.7907
2022,2022-08,2022-08-01,610 PEW-DXB,18,3990,3871,0.9702
2022,2022-08,2022-08-01,611 DXB-PEW,18,3990,1731,0.4338
2022,2022-08,2022-08-01,612 PEW-SHJ,13,2705,2659,0.983
2022,2022-08,2022-08-01,613 SHJ-PEW,13,2705,1226,0.4532
2022,2022-08,2022-08-01,630 PEW-AUH,17,3595,3490,0.9708
2022,2022-08,2022-08-01,631 AUH-PEW,17,3595,2331,0.6484
2022,2022-08,2022-08-01,670 PEW-JED,8,1440,1427,0.991
2022,2022-08,2022-08-01,671 JED-PEW,8,1440,277,0.1924
2022,2022-08,2022-08-01,676 PEW-MED,1,180,180,1
2022,2022-08,2022-08-01,677 MED-PEW,2,360,344,0.9556
2022,2022-08,2022-08-01,810 MUX-DXB,13,2920,2663,0.912
2022,2022-08,2022-08-01,811 DXB-MUX,12,2685,1769,0.6588
2022,2022-08,2022-08-01,812 MUX-SHJ,14,2965,2761,0.9312
2022,2022-08,2022-08-01,813 SHJ-MUX,14,2965,1747,0.5892
2022,2022-08,2022-08-01,870 MUX-JED,10,2290,2112,0.9223
2022,2022-08,2022-08-01,871 JED-MUX,10,2290,894,0.3904
2022,2022-08,2022-08-01,877 MED-MUX,1,235,204,0.8681
2022,2022-08,2022-08-01,TOTALS,869,179401,147644,0.823
2022,2022-09,2022-09-01,110 KHI-DXB,20,3600,3250,0.9028
2022,2022-09,2022-09-01,111 DXB-KHI,20,3600,2408,0.6689
2022,2022-09,2022-09-01,170 KHI-JED,12,2160,2146,0.9935
2022,2022-09,2022-09-01,171 JED-KHI,12,2160,2123,0.9829
2022,2022-09,2022-09-01,200 KHI-ISB,30,5560,5400,0.9712
2022,2022-09,2022-09-01,201 ISB-KHI,30,5520,5303,0.9607
2022,2022-09,2022-09-01,207 ISB-KHI,30,6200,5878,0.9481
2022,2022-09,2022-09-01,208 KHI-ISB,30,6160,5794,0.9406
2022,2022-09,2022-09-01,210 ISB-DXB,13,2995,2877,0.9606
2022,2022-09,2022-09-01,211 DXB-ISB,13,2995,2526,0.8434
2022,2022-09,2022-09-01,212 ISB-SHJ,13,2595,2446,0.9426
2022,2022-09,2022-09-01,213 SHJ-ISB,12,2415,2070,0.8571
2022,2022-09,2022-09-01,216 ISB-DXB,17,3845,3704,0.9633
2022,2022-09,2022-09-01,217 DXB-ISB,17,3845,3294,0.8567
2022,2022-09,2022-09-01,230 ISB-AUH,18,3800,3529,0.9287
2022,2022-09,2022-09-01,231 AUH-ISB,18,3800,2802,0.7374
2022,2022-09,2022-09-01,251 ISB-KDU,12,2160,1272,0.5889
2022,2022-09,2022-09-01,252 KDU-ISB,12,2160,1723,0.7977
2022,2022-09,2022-09-01,270 ISB-JED,17,3540,3485,0.9845
2022,2022-09,2022-09-01,271 JED-ISB,17,3540,3104,0.8768
2022,2022-09,2022-09-01,274 ISB-RUH,17,3875,3793,0.9788
2022,2022-09,2022-09-01,275 RUH-ISB,17,3890,3381,0.8692
2022,2022-09,2022-09-01,278 ISB-RUH,4,940,890,0.9468
2022,2022-09,2022-09-01,279 RUH-ISB,4,940,699,0.7436
2022,2022-09,2022-09-01,401 LHE-KHI,29,5770,5475,0.9489
2022,2022-09,2022-09-01,402 KHI-LHE,29,5770,5343,0.926
2022,2022-09,2022-09-01,405 LHE-KHI,25,4540,4302,0.9476
2022,2022-09,2022-09-01,406 KHI-LHE,24,4360,3952,0.9064
2022,2022-09,2022-09-01,410 LHE-DXB,30,6595,6325,0.9591
2022,2022-09,2022-09-01,411 DXB-LHE,30,6595,5634,0.8543
2022,2022-09,2022-09-01,412 LHE-SHJ,25,4720,4452,0.9432
2022,2022-09,2022-09-01,413 SHJ-LHE,25,4720,3898,0.8258
2022,2022-09,2022-09-01,430 LHE-AUH,18,3640,3390,0.9313
2022,2022-09,2022-09-01,431 AUH-LHE,18,3640,2984,0.8198
2022,2022-09,2022-09-01,470 LHE-JED,5,1100,1093,0.9936
2022,2022-09,2022-09-01,471 JED-LHE,5,1100,1040,0.9455
2022,2022-09,2022-09-01,472 LHE-JED,13,3010,2955,0.9817
2022,2022-09,2022-09-01,473 JED-LHE,13,3010,2780,0.9236
2022,2022-09,2022-09-01,610 PEW-DXB,17,3845,3675,0.9558
2022,2022-09,2022-09-01,611 DXB-PEW,17,3845,2122,0.5519
2022,2022-09,2022-09-01,612 PEW-SHJ,12,2415,2317,0.9594
2022,2022-09,2022-09-01,613 SHJ-PEW,12,2415,1360,0.5631
2022,2022-09,2022-09-01,630 PEW-AUH,18,3800,3603,0.9482
2022,2022-09,2022-09-01,631 AUH-PEW,18,3800,2621,0.6897
2022,2022-09,2022-09-01,670 PEW-JED,12,2160,2135,0.9884
2022,2022-09,2022-09-01,671 JED-PEW,12,2160,1871,0.8662
2022,2022-09,2022-09-01,810 MUX-DXB,12,2760,2579,0.9344
2022,2022-09,2022-09-01,811 DXB-MUX,12,2760,1881,0.6815
2022,2022-09,2022-09-01,812 MUX-SHJ,15,2755,2667,0.9681
2022,2022-09,2022-09-01,813 SHJ-MUX,15,2755,2113,0.767
2022,2022-09,2022-09-01,870 MUX-JED,18,4110,4072,0.9908
2022,2022-09,2022-09-01,871 JED-MUX,18,4110,3311,0.8056
2022,2022-09,2022-09-01,TOTALS,902,184555,163847,0.8878
2022,2022-10,2022-10-01,110 KHI-DXB,12,2160,2037,0.9431
2022,2022-10,2022-10-01,111 DXB-KHI,12,2160,1928,0.8926
2022,2022-10,2022-10-01,170 KHI-JED,14,2520,2437,0.9671
2022,2022-10,2022-10-01,171 JED-KHI,14,2520,2498,0.9913
2022,2022-10,2022-10-01,200 KHI-ISB,31,5580,5442,0.9753
2022,2022-10,2022-10-01,201 ISB-KHI,31,5635,5349,0.9492
2022,2022-10,2022-10-01,207 ISB-KHI,31,5900,5617,0.952
2022,2022-10,2022-10-01,208 KHI-ISB,31,5915,5464,0.9238
2022,2022-10,2022-10-01,210 ISB-DXB,13,2880,2683,0.9316
2022,2022-10,2022-10-01,211 DXB-ISB,13,2880,2803,0.9733
2022,2022-10,2022-10-01,212 ISB-SHJ,13,2935,2643,0.9005
2022,2022-10,2022-10-01,213 SHJ-ISB,14,3115,2988,0.9592
2022,2022-10,2022-10-01,216 ISB-DXB,16,3510,3273,0.9325
2022,2022-10,2022-10-01,217 DXB-ISB,16,3510,3350,0.9544
2022,2022-10,2022-10-01,230 ISB-AUH,13,2835,2564,0.9044
2022,2022-10,2022-10-01,231 AUH-ISB,13,2835,2596,0.9157
2022,2022-10,2022-10-01,251 ISB-KDU,2,360,244,0.6778
2022,2022-10,2022-10-01,252 KDU-ISB,2,360,294,0.8167
2022,2022-10,2022-10-01,270 ISB-JED,17,3935,3836,0.9748
2022,2022-10,2022-10-01,271 JED-ISB,17,3935,3776,0.9596
2022,2022-10,2022-10-01,274 ISB-RUH,17,3635,3535,0.9725
2022,2022-10,2022-10-01,275 RUH-ISB,17,3675,3294,0.8963
2022,2022-10,2022-10-01,401 LHE-KHI,30,5740,5455,0.9503
2022,2022-10,2022-10-01,402 KHI-LHE,30,5740,5448,0.9491
2022,2022-10,2022-10-01,405 LHE-KHI,28,5040,4575,0.9077
2022,2022-10,2022-10-01,406 KHI-LHE,28,5080,4763,0.9376
2022,2022-10,2022-10-01,410 LHE-DXB,28,6355,5918,0.9312
2022,2022-10,2022-10-01,411 DXB-LHE,28,6355,6138,0.9659
2022,2022-10,2022-10-01,412 LHE-SHJ,17,3495,3102,0.8876
2022,2022-10,2022-10-01,413 SHJ-LHE,17,3495,3427,0.9805
2022,2022-10,2022-10-01,430 LHE-AUH,16,3360,3023,0.8997
2022,2022-10,2022-10-01,431 AUH-LHE,16,3360,3275,0.9747
2022,2022-10,2022-10-01,470 LHE-JED,5,1100,1083,0.9845
2022,2022-10,2022-10-01,471 JED-LHE,5,1100,1083,0.9845
2022,2022-10,2022-10-01,472 LHE-JED,12,2820,2749,0.9748
2022,2022-10,2022-10-01,473 JED-LHE,12,2820,2793,0.9904
2022,2022-10,2022-10-01,610 PEW-DXB,13,2850,2661,0.9337
2022,2022-10,2022-10-01,611 DXB-PEW,13,2850,2234,0.7839
2022,2022-10,2022-10-01,612 PEW-SHJ,9,2055,1872,0.9109
2022,2022-10,2022-10-01,613 SHJ-PEW,9,2055,1722,0.838
2022,2022-10,2022-10-01,630 PEW-AUH,13,2835,2655,0.9365
2022,2022-10,2022-10-01,631 AUH-PEW,13,2835,2172,0.7661
2022,2022-10,2022-10-01,670 PEW-JED,13,2340,2313,0.9885
2022,2022-10,2022-10-01,671 JED-PEW,13,2340,2266,0.9684
2022,2022-10,2022-10-01,810 MUX-DXB,13,2880,2591,0.8997
2022,2022-10,2022-10-01,811 DXB-MUX,13,2880,2809,0.9753
2022,2022-10,2022-10-01,812 MUX-SHJ,12,2320,2212,0.9534
2022,2022-10,2022-10-01,813 SHJ-MUX,12,2320,2281,0.9832
2022,2022-10,2022-10-01,870 MUX-JED,17,3935,3869,0.9832
2022,2022-10,2022-10-01,871 JED-MUX,17,3935,3905,0.9924
2022,2022-10,2022-10-01,TOTALS,811,167080,157045,0.9399
2022,2022-11,2022-11-01,110 KHI-DXB,13,2340,2161,0.9235
2022,2022-11,2022-11-01,111 DXB-KHI,13,2340,2022,0.8641
2022,2022-11,2022-11-01,170 KHI-JED,13,2340,2304,0.9846
2022,2022-11,2022-11-01,171 JED-KHI,13,2340,2264,0.9675
2022,2022-11,2022-11-01,200 KHI-ISB,15,2700,2281,0.8448
2022,2022-11,2022-11-01,201 ISB-KHI,15,2795,2359,0.844
2022,2022-11,2022-11-01,207 ISB-KHI,23,4590,3759,0.819
2022,2022-11,2022-11-01,208 KHI-ISB,24,4865,3802,0.7815
2022,2022-11,2022-11-01,210 ISB-DXB,16,3625,3404,0.939
2022,2022-11,2022-11-01,211 DXB-ISB,16,3625,3058,0.8436
2022,2022-11,2022-11-01,212 ISB-SHJ,12,2540,2379,0.9366
2022,2022-11,2022-11-01,213 SHJ-ISB,12,2540,2298,0.9047
2022,2022-11,2022-11-01,216 ISB-DXB,13,2950,2752,0.9329
2022,2022-11,2022-11-01,217 DXB-ISB,13,2950,2476,0.8393
2022,2022-11,2022-11-01,230 ISB-AUH,12,2360,2153,0.9123
2022,2022-11,2022-11-01,231 AUH-ISB,12,2360,2198,0.9314
2022,2022-11,2022-11-01,270 ISB-JED,9,1950,1894,0.9713
2022,2022-11,2022-11-01,271 JED-ISB,9,2005,1981,0.988
2022,2022-11,2022-11-01,272 ISB-JED,9,2115,2048,0.9683
2022,2022-11,2022-11-01,273 JED-ISB,9,2115,2074,0.9806
2022,2022-11,2022-11-01,274 ISB-RUH,17,3595,3460,0.9624
2022,2022-11,2022-11-01,275 RUH-ISB,17,3540,3353,0.9472
2022,2022-11,2022-11-01,278 ISB-RUH,4,940,923,0.9819
2022,2022-11,2022-11-01,279 RUH-ISB,4,940,602,0.6404
2022,2022-11,2022-11-01,401 LHE-KHI,30,5880,5466,0.9296
2022,2022-11,2022-11-01,402 KHI-LHE,30,5880,5054,0.8595
2022,2022-11,2022-11-01,405 LHE-KHI,25,4820,4141,0.8591
2022,2022-11,2022-11-01,406 KHI-LHE,24,4640,4262,0.9185
2022,2022-11,2022-11-01,410 LHE-DXB,30,6600,6445,0.9765
2022,2022-11,2022-11-01,411 DXB-LHE,30,6600,6420,0.9727
2022,2022-11,2022-11-01,412 LHE-SHJ,13,2620,2446,0.9336
2022,2022-11,2022-11-01,413 SHJ-LHE,13,2620,2554,0.9748
2022,2022-11,2022-11-01,430 LHE-AUH,13,2860,2750,0.9615
2022,2022-11,2022-11-01,431 AUH-LHE,13,2860,2794,0.9769
2022,2022-11,2022-11-01,470 LHE-JED,18,3960,3904,0.9859
2022,2022-11,2022-11-01,471 JED-LHE,18,3960,3919,0.9896
2022,2022-11,2022-11-01,474 LHE-RUH,3,660,614,0.9303
2022,2022-11,2022-11-01,475 RUH-LHE,3,660,650,0.9848
2022,2022-11,2022-11-01,610 PEW-DXB,13,2950,2809,0.9522
2022,2022-11,2022-11-01,611 DXB-PEW,13,2950,1966,0.6664
2022,2022-11,2022-11-01,612 PEW-SHJ,12,2540,2494,0.9819
2022,2022-11,2022-11-01,613 SHJ-PEW,12,2540,1528,0.6016
2022,2022-11,2022-11-01,630 PEW-AUH,12,2360,2280,0.9661
2022,2022-11,2022-11-01,631 AUH-PEW,12,2360,2166,0.9178
2022,2022-11,2022-11-01,670 PEW-JED,9,2115,2063,0.9754
2022,2022-11,2022-11-01,671 JED-PEW,9,2115,2079,0.983
2022,2022-11,2022-11-01,810 MUX-DXB,13,2950,2847,0.9651
2022,2022-11,2022-11-01,811 DXB-MUX,13,2950,2890,0.9797
2022,2022-11,2022-11-01,812 MUX-SHJ,13,2670,2606,0.976
2022,2022-11,2022-11-01,813 SHJ-MUX,13,2670,2570,0.9625
2022,2022-11,2022-11-01,870 MUX-JED,19,3915,3875,0.9898
2022,2022-11,2022-11-01,871 JED-MUX,19,3860,3837,0.994
2022,2022-11,2022-11-01,TOTALS,758,158025,145434,0.9203
2022,2022-12,2022-12-01,110 KHI-DXB,14,2520,2464,0.9778
2022,2022-12,2022-12-01,111 DXB-KHI,14,2520,2417,0.9591
2022,2022-12,2022-12-01,116 KHI-DXB,1,180,178,0.9889
2022,2022-12,2022-12-01,117 DXB-KHI,1,180,160,0.8889
2022,2022-12,2022-12-01,170 KHI-JED,13,2340,2309,0.9868
2022,2022-12,2022-12-01,171 JED-KHI,13,2340,2318,0.9906
2022,2022-12,2022-12-01,172 KHI-JED,1,180,180,1
2022,2022-12,2022-12-01,173 JED-KHI,1,180,179,0.9944
2022,2022-12,2022-12-01,200 KHI-ISB,8,1480,1369,0.925
2022,2022-12,2022-12-01,201 ISB-KHI,8,1480,1417,0.9574
2022,2022-12,2022-12-01,207 ISB-KHI,31,6340,6047,0.9538
2022,2022-12,2022-12-01,208 KHI-ISB,31,6340,5936,0.9363
2022,2022-12,2022-12-01,210 ISB-DXB,17,3820,3659,0.9579
2022,2022-12,2022-12-01,211 DXB-ISB,17,3820,3687,0.9652
2022,2022-12,2022-12-01,212 ISB-SHJ,13,2950,2842,0.9634
2022,2022-12,2022-12-01,213 SHJ-ISB,13,2950,2906,0.9851
2022,2022-12,2022-12-01,216 ISB-DXB,12,2715,2610,0.9613
2022,2022-12,2022-12-01,217 DXB-ISB,12,2700,2655,0.9833
2022,2022-12,2022-12-01,218 ISB-DXB,1,220,217,0.9864
2022,2022-12,2022-12-01,219 DXB-ISB,1,220,216,0.9818
2022,2022-12,2022-12-01,230 ISB-AUH,15,3060,2957,0.9663
2022,2022-12,2022-12-01,231 AUH-ISB,15,3060,3044,0.9948
2022,2022-12,2022-12-01,270 ISB-JED,9,1895,1864,0.9836
2022,2022-12,2022-12-01,271 JED-ISB,9,1895,1871,0.9873
2022,2022-12,2022-12-01,272 ISB-JED,9,2115,2073,0.9801
2022,2022-12,2022-12-01,273 JED-ISB,9,2115,2090,0.9882
2022,2022-12,2022-12-01,274 ISB-RUH,15,3480,3450,0.9914
2022,2022-12,2022-12-01,275 RUH-ISB,15,3495,3375,0.9657
2022,2022-12,2022-12-01,278 ISB-RUH,2,470,464,0.9872
2022,2022-12,2022-12-01,279 RUH-ISB,2,470,439,0.934
2022,2022-12,2022-12-01,401 LHE-KHI,28,5378,4956,0.9215
2022,2022-12,2022-12-01,402 KHI-LHE,28,5378,4661,0.8667
2022,2022-12,2022-12-01,405 LHE-KHI,15,2886,2450,0.8489
2022,2022-12,2022-12-01,406 KHI-LHE,16,3060,2516,0.8222
2022,2022-12,2022-12-01,410 LHE-DXB,31,6850,6697,0.9777
2022,2022-12,2022-12-01,411 DXB-LHE,31,6865,6708,0.9771
2022,2022-12,2022-12-01,412 LHE-SHJ,13,2860,2738,0.9573
2022,2022-12,2022-12-01,413 SHJ-LHE,13,2860,2813,0.9836
2022,2022-12,2022-12-01,416 LHE-DXB,2,470,467,0.9936
2022,2022-12,2022-12-01,417 DXB-LHE,2,470,460,0.9787
2022,2022-12,2022-12-01,430 LHE-AUH,13,2920,2850,0.976
2022,2022-12,2022-12-01,431 AUH-LHE,13,2920,2872,0.9836
2022,2022-12,2022-12-01,470 LHE-JED,18,4065,4010,0.9865
2022,2022-12,2022-12-01,471 JED-LHE,18,4065,4046,0.9953
2022,2022-12,2022-12-01,474 LHE-RUH,9,1980,1959,0.9894
2022,2022-12,2022-12-01,475 RUH-LHE,9,1980,1935,0.9773
2022,2022-12,2022-12-01,610 PEW-DXB,12,2715,2625,0.9669
2022,2022-12,2022-12-01,611 DXB-PEW,12,2715,2633,0.9698
2022,2022-12,2022-12-01,612 PEW-SHJ,13,2950,2880,0.9763
2022,2022-12,2022-12-01,613 SHJ-PEW,13,2950,2810,0.9525
2022,2022-12,2022-12-01,630 PEW-AUH,15,3060,3020,0.9869
2022,2022-12,2022-12-01,631 AUH-PEW,15,3060,2967,0.9696
2022,2022-12,2022-12-01,670 PEW-JED,9,2115,2080,0.9835
2022,2022-12,2022-12-01,671 JED-PEW,9,2115,2083,0.9849
2022,2022-12,2022-12-01,810 MUX-DXB,17,3820,3657,0.9573
2022,2022-12,2022-12-01,811 DXB-MUX,17,3820,3786,0.9911
2022,2022-12,2022-12-01,812 MUX-SHJ,13,2340,2300,0.9829
2022,2022-12,2022-12-01,813 SHJ-MUX,13,2340,2323,0.9927
2022,2022-12,2022-12-01,870 MUX-JED,22,3960,3917,0.9891
2022,2022-12,2022-12-01,871 JED-MUX,22,3960,3927,0.9917
2022,2022-12,2022-12-01,876 MUX-MED,5,900,898,0.9978
2022,2022-12,2022-12-01,877 MED-MUX,5,900,889,0.9878
2022,2022-12,2022-12-01,TOTALS,793,166257,160326,0.9643
2023,2023-01,2023-01-01,110 KHI-DXB,12,2160,2135,0.9884
2023,2023-01,2023-01-01,111 DXB-KHI,12,2160,2026,0.938
2023,2023-01,2023-01-01,116 KHI-DXB,1,180,180,1
2023,2023-01,2023-01-01,117 DXB-KHI,1,180,176,0.9778
2023,2023-01,2023-01-01,170 KHI-JED,14,2520,2494,0.9897
2023,2023-01,2023-01-01,171 JED-KHI,14,2520,2481,0.9845
2023,2023-01,2023-01-01,172 KHI-JED,1,180,174,0.9667
2023,2023-01,2023-01-01,173 JED-KHI,1,180,171,0.95
2023,2023-01,2023-01-01,200 KHI-ISB,11,2035,1665,0.8182
2023,2023-01,2023-01-01,201 ISB-KHI,10,1855,1763,0.9504
2023,2023-01,2023-01-01,207 ISB-KHI,26,5210,4901,0.9407
2023,2023-01,2023-01-01,208 KHI-ISB,26,5210,4811,0.9234
2023,2023-01,2023-01-01,210 ISB-DXB,18,4080,3973,0.9738
2023,2023-01,2023-01-01,211 DXB-ISB,18,4080,3669,0.8993
2023,2023-01,2023-01-01,212 ISB-SHJ,13,2835,2781,0.981
2023,2023-01,2023-01-01,213 SHJ-ISB,13,2835,2532,0.8931
2023,2023-01,2023-01-01,216 ISB-DXB,13,2920,2844,0.974
2023,2023-01,2023-01-01,217 DXB-ISB,13,2920,2672,0.9151
2023,2023-01,2023-01-01,230 ISB-AUH,16,3080,2993,0.9718
2023,2023-01,2023-01-01,231 AUH-ISB,16,3080,3033,0.9847
2023,2023-01,2023-01-01,270 ISB-JED,13,2560,2534,0.9898
2023,2023-01,2023-01-01,271 JED-ISB,13,2560,2549,0.9957
2023,2023-01,2023-01-01,272 ISB-JED,8,1880,1861,0.9899
2023,2023-01,2023-01-01,273 JED-ISB,8,1880,1854,0.9862
2023,2023-01,2023-01-01,274 ISB-RUH,17,3740,3657,0.9778
2023,2023-01,2023-01-01,275 RUH-ISB,18,3960,3844,0.9707
2023,2023-01,2023-01-01,278 ISB-RUH,3,660,630,0.9545
2023,2023-01,2023-01-01,279 RUH-ISB,3,660,469,0.7106
2023,2023-01,2023-01-01,401 LHE-KHI,26,4646,4077,0.8775
2023,2023-01,2023-01-01,402 KHI-LHE,26,4646,3801,0.8181
2023,2023-01,2023-01-01,405 LHE-KHI,7,1218,1165,0.9565
2023,2023-01,2023-01-01,406 KHI-LHE,7,1218,1104,0.9064
2023,2023-01,2023-01-01,410 LHE-DXB,31,6940,6769,0.9754
2023,2023-01,2023-01-01,411 DXB-LHE,31,6940,6709,0.9667
2023,2023-01,2023-01-01,412 LHE-SHJ,13,2461,2417,0.9821
2023,2023-01,2023-01-01,413 SHJ-LHE,13,2461,2403,0.9764
2023,2023-01,2023-01-01,416 LHE-DXB,1,235,217,0.9234
2023,2023-01,2023-01-01,417 DXB-LHE,1,235,231,0.983
2023,2023-01,2023-01-01,430 LHE-AUH,14,3049,2963,0.9718
2023,2023-01,2023-01-01,431 AUH-LHE,14,3049,2959,0.9705
2023,2023-01,2023-01-01,470 LHE-JED,17,3995,3909,0.9785
2023,2023-01,2023-01-01,471 JED-LHE,17,3995,3954,0.9897
2023,2023-01,2023-01-01,472 LHE-JED,3,705,702,0.9957
2023,2023-01,2023-01-01,473 JED-LHE,3,705,690,0.9787
2023,2023-01,2023-01-01,474 LHE-RUH,9,1980,1943,0.9813
2023,2023-01,2023-01-01,475 RUH-LHE,9,1980,1911,0.9652
2023,2023-01,2023-01-01,610 PEW-DXB,13,2920,2869,0.9825
2023,2023-01,2023-01-01,611 DXB-PEW,13,2920,2230,0.7637
2023,2023-01,2023-01-01,612 PEW-SHJ,11,2435,2411,0.9901
2023,2023-01,2023-01-01,613 SHJ-PEW,11,2435,1883,0.7733
2023,2023-01,2023-01-01,630 PEW-AUH,16,3080,3026,0.9825
2023,2023-01,2023-01-01,631 AUH-PEW,16,3080,2914,0.9461
2023,2023-01,2023-01-01,670 ISB-JED,1,235,235,1
2023,2023-01,2023-01-01,670 PEW-JED,7,1645,1642,0.9982
2023,2023-01,2023-01-01,671 JED-PEW,8,1880,1826,0.9713
2023,2023-01,2023-01-01,810 MUX-DXB,18,4080,3996,0.9794
2023,2023-01,2023-01-01,811 DXB-MUX,18,4080,3933,0.964
2023,2023-01,2023-01-01,812 MUX-SHJ,12,2160,2121,0.9819
2023,2023-01,2023-01-01,813 SHJ-MUX,12,2160,1968,0.9111
2023,2023-01,2023-01-01,870 MUX-JED,21,3780,3723,0.9849
2023,2023-01,2023-01-01,871 JED-MUX,22,3960,3934,0.9934
2023,2023-01,2023-01-01,872 MUX-JED,1,180,175,0.9722
2023,2023-01,2023-01-01,876 MUX-MED,9,1620,1600,0.9877
2023,2023-01,2023-01-01,877 MED-MUX,9,1620,1582,0.9765
2023,2023-01,2023-01-01,TOTALS,792,162848,154864,0.951
2023,2023-02,2023-02-01,110 KHI-DXB,16,2874,2846,0.9903
2023,2023-02,2023-02-01,111 DXB-KHI,16,2874,2599,0.9043
2023,2023-02,2023-02-01,170 KHI-JED,12,2160,2133,0.9875
2023,2023-02,2023-02-01,171 JED-KHI,12,2160,2103,0.9736
2023,2023-02,2023-02-01,200 KHI-ISB,1,180,175,0.9722
2023,2023-02,2023-02-01,201 ISB-KHI,2,400,374,0.935
2023,2023-02,2023-02-01,207 ISB-KHI,26,4800,4444,0.9258
2023,2023-02,2023-02-01,208 KHI-ISB,27,5060,4795,0.9476
2023,2023-02,2023-02-01,210 ISB-DXB,16,3485,3410,0.9785
2023,2023-02,2023-02-01,211 DXB-ISB,16,3485,3328,0.9549
2023,2023-02,2023-02-01,212 ISB-SHJ,12,2560,2490,0.9727
2023,2023-02,2023-02-01,213 SHJ-ISB,11,2340,2153,0.9201
2023,2023-02,2023-02-01,216 ISB-DXB,12,2480,2436,0.9823
2023,2023-02,2023-02-01,217 DXB-ISB,12,2480,2291,0.9238
2023,2023-02,2023-02-01,230 ISB-AUH,15,2995,2883,0.9626
2023,2023-02,2023-02-01,231 AUH-ISB,16,3215,3101,0.9645
2023,2023-02,2023-02-01,232 ISB-AUH,1,220,217,0.9864
2023,2023-02,2023-02-01,270 ISB-JED,14,3070,3050,0.9935
2023,2023-02,2023-02-01,271 JED-ISB,14,3070,2975,0.9691
2023,2023-02,2023-02-01,272 ISB-JED,8,1880,1868,0.9936
2023,2023-02,2023-02-01,273 JED-ISB,8,1880,1857,0.9878
2023,2023-02,2023-02-01,274 ISB-RUH,16,3550,3531,0.9946
2023,2023-02,2023-02-01,275 RUH-ISB,16,3550,3480,0.9803
2023,2023-02,2023-02-01,278 ISB-RUH,1,220,220,1
2023,2023-02,2023-02-01,279 RUH-ISB,1,220,206,0.9364
2023,2023-02,2023-02-01,401 LHE-KHI,27,4764,4454,0.9349
2023,2023-02,2023-02-01,402 KHI-LHE,27,4764,4605,0.9666
2023,2023-02,2023-02-01,410 LHE-DXB,28,6175,6112,0.9898
2023,2023-02,2023-02-01,411 DXB-LHE,28,6175,5980,0.9684
2023,2023-02,2023-02-01,412 LHE-SHJ,12,2461,2342,0.9516
2023,2023-02,2023-02-01,413 SHJ-LHE,12,2461,2314,0.9403
2023,2023-02,2023-02-01,430 LHE-AUH,12,2640,2607,0.9875
2023,2023-02,2023-02-01,431 AUH-LHE,12,2640,2589,0.9807
2023,2023-02,2023-02-01,470 LHE-JED,25,5845,5789,0.9904
2023,2023-02,2023-02-01,471 JED-LHE,25,5845,5668,0.9697
2023,2023-02,2023-02-01,474 LHE-RUH,8,1760,1717,0.9756
2023,2023-02,2023-02-01,475 RUH-LHE,8,1760,1683,0.9563
2023,2023-02,2023-02-01,610 PEW-DXB,12,2480,2346,0.946
2023,2023-02,2023-02-01,611 DXB-PEW,12,2480,2060,0.8306
2023,2023-02,2023-02-01,612 PEW-SHJ,9,1940,1851,0.9541
2023,2023-02,2023-02-01,613 SHJ-PEW,9,1940,1425,0.7345
2023,2023-02,2023-02-01,630 PEW-AUH,7,1340,1266,0.9448
2023,2023-02,2023-02-01,631 AUH-PEW,7,1340,1300,0.9701
2023,2023-02,2023-02-01,670 PEW-JED,8,1880,1872,0.9957
2023,2023-02,2023-02-01,671 JED-PEW,8,1880,1860,0.9894
2023,2023-02,2023-02-01,810 MUX-DXB,16,3485,3457,0.992
2023,2023-02,2023-02-01,811 DXB-MUX,16,3485,3380,0.9699
2023,2023-02,2023-02-01,812 MUX-SHJ,12,2160,2147,0.994
2023,2023-02,2023-02-01,813 SHJ-MUX,12,2160,1839,0.8514
2023,2023-02,2023-02-01,870 MUX-JED,20,3600,3588,0.9967
2023,2023-02,2023-02-01,871 JED-MUX,20,3600,3537,0.9825
2023,2023-02,2023-02-01,876 MUX-MED,8,1440,1427,0.991
2023,2023-02,2023-02-01,877 MED-MUX,8,1440,1400,0.9722
2023,2023-02,2023-02-01,TOTALS,709,145148,139580,0.9616
2023,2023-03,2023-03-01,110 KHI-DXB,22,3960,3894,0.9833
2023,2023-03,2023-03-01,111 DXB-KHI,22,3960,3440,0.8687
2023,2023-03,2023-03-01,170 KHI-JED,16,2880,2777,0.9642
2023,2023-03,2023-03-01,171 JED-KHI,16,2880,2256,0.7833
2023,2023-03,2023-03-01,207 ISB-KHI,31,6060,5741,0.9474
2023,2023-03,2023-03-01,208 KHI-ISB,31,6014,5672,0.9431
2023,2023-03,2023-03-01,210 ISB-DXB,20,4303,4151,0.9647
2023,2023-03,2023-03-01,211 DXB-ISB,20,4303,3440,0.7994
2023,2023-03,2023-03-01,212 ISB-SHJ,12,2655,2553,0.9616
2023,2023-03,2023-03-01,213 SHJ-ISB,13,2875,2239,0.7788
2023,2023-03,2023-03-01,216 ISB-DXB,13,2580,2518,0.976
2023,2023-03,2023-03-01,217 DXB-ISB,13,2580,2165,0.8391
2023,2023-03,2023-03-01,230 ISB-AUH,18,3760,3682,0.9793
2023,2023-03,2023-03-01,231 AUH-ISB,18,3760,3549,0.9439
2023,2023-03,2023-03-01,270 ISB-JED,18,4035,3866,0.9581
2023,2023-03,2023-03-01,271 JED-ISB,18,4035,3503,0.8682
2023,2023-03,2023-03-01,272 ISB-JED,8,1880,1810,0.9628
2023,2023-03,2023-03-01,273 JED-ISB,8,1880,1801,0.958
2023,2023-03,2023-03-01,274 ISB-RUH,18,3895,3842,0.9864
2023,2023-03,2023-03-01,275 RUH-ISB,17,3715,3596,0.968
2023,2023-03,2023-03-01,278 ISB-RUH,4,880,869,0.9875
2023,2023-03,2023-03-01,279 RUH-ISB,4,880,868,0.9864
2023,2023-03,2023-03-01,401 LHE-KHI,31,5613,5313,0.9466
2023,2023-03,2023-03-01,402 KHI-LHE,31,5659,5146,0.9093
2023,2023-03,2023-03-01,406 KHI-LHE,1,180,94,0.5222
2023,2023-03,2023-03-01,410 LHE-DXB,30,6645,6497,0.9777
2023,2023-03,2023-03-01,411 DXB-LHE,30,6645,6104,0.9186
2023,2023-03,2023-03-01,412 LHE-SHJ,14,2770,2668,0.9632
2023,2023-03,2023-03-01,413 SHJ-LHE,14,2770,2129,0.7686
2023,2023-03,2023-03-01,430 LHE-AUH,13,2835,2676,0.9439
2023,2023-03,2023-03-01,431 AUH-LHE,13,2835,2436,0.8593
2023,2023-03,2023-03-01,470 LHE-JED,29,6770,6680,0.9867
2023,2023-03,2023-03-01,471 JED-LHE,29,6770,6371,0.9411
2023,2023-03,2023-03-01,474 LHE-RUH,9,1875,1815,0.968
2023,2023-03,2023-03-01,475 RUH-LHE,8,1695,1557,0.9186
2023,2023-03,2023-03-01,610 PEW-DXB,11,2140,2065,0.965
2023,2023-03,2023-03-01,611 DXB-PEW,11,2140,1806,0.8439
2023,2023-03,2023-03-01,612 PEW-SHJ,9,1980,1928,0.9737
2023,2023-03,2023-03-01,6122 ISB-SHJ,1,220,195,0.8864
2023,2023-03,2023-03-01,613 SHJ-PEW,10,2200,1616,0.7345
2023,2023-03,2023-03-01,670 PEW-JED,8,1880,1818,0.967
2023,2023-03,2023-03-01,671 JED-PEW,8,1880,1843,0.9803
2023,2023-03,2023-03-01,810 MUX-DXB,18,3795,3657,0.9636
2023,2023-03,2023-03-01,811 DXB-MUX,18,3795,3533,0.931
2023,2023-03,2023-03-01,812 MUX-SHJ,13,2340,2293,0.9799
2023,2023-03,2023-03-01,813 SHJ-MUX,13,2340,1898,0.8111
2023,2023-03,2023-03-01,870 MUX-JED,24,4320,4291,0.9933
2023,2023-03,2023-03-01,871 JED-MUX,24,4320,4266,0.9875
2023,2023-03,2023-03-01,TOTALS,780,160182,148927,0.9297
2023,2023-04,2023-04-01,110 KHI-DXB,23,4122,3870,0.9389
2023,2023-04,2023-04-01,111 DXB-KHI,23,4122,3558,0.8632
2023,2023-04,2023-04-01,170 KHI-JED,28,5062,4659,0.9204
2023,2023-04,2023-04-01,171 JED-KHI,28,5062,4011,0.7924
2023,2023-04,2023-04-01,200 KHI-ISB,1,180,137,0.7611
2023,2023-04,2023-04-01,207 ISB-KHI,30,5286,4702,0.8895
2023,2023-04,2023-04-01,208 KHI-ISB,28,4932,4779,0.969
2023,2023-04,2023-04-01,210 ISB-DXB,25,4551,4307,0.9464
2023,2023-04,2023-04-01,211 DXB-ISB,25,4551,4327,0.9508
2023,2023-04,2023-04-01,212 ISB-SHJ,11,2424,2139,0.8824
2023,2023-04,2023-04-01,213 SHJ-ISB,11,2424,2067,0.8527
2023,2023-04,2023-04-01,216 ISB-DXB,10,2215,2093,0.9449
2023,2023-04,2023-04-01,217 DXB-ISB,10,2215,2054,0.9273
2023,2023-04,2023-04-01,230 ISB-AUH,15,3174,3089,0.9732
2023,2023-04,2023-04-01,231 AUH-ISB,15,3174,3046,0.9597
2023,2023-04,2023-04-01,270 ISB-JED,30,6535,5991,0.9168
2023,2023-04,2023-04-01,271 JED-ISB,30,6535,5912,0.9047
2023,2023-04,2023-04-01,274 ISB-RUH,19,4130,3966,0.9603
2023,2023-04,2023-04-01,275 RUH-ISB,19,4090,3948,0.9653
2023,2023-04,2023-04-01,401 LHE-KHI,28,5360,4763,0.8886
2023,2023-04,2023-04-01,402 KHI-LHE,28,5360,4754,0.8869
2023,2023-04,2023-04-01,405 LHE-KHI,3,540,374,0.6926
2023,2023-04,2023-04-01,406 KHI-LHE,3,540,451,0.8352
2023,2023-04,2023-04-01,410 LHE-DXB,29,6315,6232,0.9869
2023,2023-04,2023-04-01,411 DXB-LHE,29,6355,6027,0.9484
2023,2023-04,2023-04-01,412 LHE-SHJ,14,2960,2825,0.9544
2023,2023-04,2023-04-01,413 SHJ-LHE,14,2960,2422,0.8182
2023,2023-04,2023-04-01,430 LHE-AUH,14,3040,2919,0.9602
2023,2023-04,2023-04-01,431 AUH-LHE,14,3040,2751,0.9049
2023,2023-04,2023-04-01,470 LHE-JED,30,6645,6423,0.9666
2023,2023-04,2023-04-01,471 JED-LHE,30,6645,6131,0.9226
2023,2023-04,2023-04-01,474 LHE-RUH,7,1315,1209,0.9194
2023,2023-04,2023-04-01,475 RUH-LHE,8,1495,1315,0.8796
2023,2023-04,2023-04-01,810 MUX-DXB,16,2880,2768,0.9611
2023,2023-04,2023-04-01,811 DXB-MUX,16,2880,2666,0.9257
2023,2023-04,2023-04-01,812 MUX-SHJ,11,1980,1898,0.9586
2023,2023-04,2023-04-01,813 SHJ-MUX,11,1980,1699,0.8581
2023,2023-04,2023-04-01,870 MUX-JED,30,5400,5276,0.977
2023,2023-04,2023-04-01,871 JED-MUX,30,5400,5205,0.9639
2023,2023-04,2023-04-01,TOTALS,746,147874,136763,0.9249
2023,2023-05,2023-05-01,110 KHI-DXB,26,4720,4538,0.9614
2023,2023-05,2023-05-01,111 DXB-KHI,26,4720,3459,0.7328
2023,2023-05,2023-05-01,170 KHI-JED,19,3420,2886,0.8439
2023,2023-05,2023-05-01,171 JED-KHI,19,3420,3293,0.9629
2023,2023-05,2023-05-01,176 KHI-MED,3,540,536,0.9926
2023,2023-05,2023-05-01,177 MED-KHI,3,540,59,0.1093
2023,2023-05,2023-05-01,207 ISB-KHI,28,4902,4572,0.9327
2023,2023-05,2023-05-01,208 KHI-ISB,28,4902,4551,0.9284
2023,2023-05,2023-05-01,210 ISB-DXB,30,5372,5196,0.9672
2023,2023-05,2023-05-01,211 DXB-ISB,30,5372,4501,0.8379
2023,2023-05,2023-05-01,212 ISB-SHJ,13,2930,2785,0.9505
2023,2023-05,2023-05-01,213 SHJ-ISB,13,2930,1829,0.6242
2023,2023-05,2023-05-01,216 ISB-DXB,14,3040,2997,0.9859
2023,2023-05,2023-05-01,217 DXB-ISB,14,3040,2362,0.777
2023,2023-05,2023-05-01,230 ISB-AUH,17,3755,3708,0.9875
2023,2023-05,2023-05-01,231 AUH-ISB,17,3755,3140,0.8362
2023,2023-05,2023-05-01,270 ISB-JED,20,4700,3691,0.7853
2023,2023-05,2023-05-01,271 JED-ISB,20,4700,4309,0.9168
2023,2023-05,2023-05-01,274 ISB-RUH,21,4635,4390,0.9471
2023,2023-05,2023-05-01,275 RUH-ISB,22,4855,4253,0.876
2023,2023-05,2023-05-01,276 ISB-MED,3,690,598,0.8667
2023,2023-05,2023-05-01,277 MED-ISB,2,455,154,0.3385
2023,2023-05,2023-05-01,2777 JED-ISB,1,235,0,0
2023,2023-05,2023-05-01,401 LHE-KHI,31,5860,5241,0.8944
2023,2023-05,2023-05-01,402 KHI-LHE,31,5820,4758,0.8175
2023,2023-05,2023-05-01,410 LHE-DXB,31,6820,6700,0.9824
2023,2023-05,2023-05-01,411 DXB-LHE,31,6820,5765,0.8453
2023,2023-05,2023-05-01,412 LHE-SHJ,18,3800,3674,0.9668
2023,2023-05,2023-05-01,413 SHJ-LHE,18,3800,2320,0.6105
2023,2023-05,2023-05-01,430 LHE-AUH,17,3740,3647,0.9751
2023,2023-05,2023-05-01,431 AUH-LHE,17,3740,2353,0.6291
2023,2023-05,2023-05-01,470 LHE-JED,20,4430,3791,0.8558
2023,2023-05,2023-05-01,471 JED-LHE,20,4430,4260,0.9616
2023,2023-05,2023-05-01,474 LHE-RUH,9,1620,1554,0.9593
2023,2023-05,2023-05-01,475 RUH-LHE,9,1620,1438,0.8877
2023,2023-05,2023-05-01,476 LHE-MED,3,660,565,0.8561
2023,2023-05,2023-05-01,477 MED-LHE,3,660,286,0.4333
2023,2023-05,2023-05-01,810 MUX-DXB,17,3060,2994,0.9784
2023,2023-05,2023-05-01,811 DXB-MUX,17,3060,2550,0.8333
2023,2023-05,2023-05-01,812 MUX-SHJ,14,2520,2492,0.9889
2023,2023-05,2023-05-01,813 SHJ-MUX,14,2520,1861,0.7385
2023,2023-05,2023-05-01,870 MUX-JED,20,3600,3219,0.8942
2023,2023-05,2023-05-01,871 JED-MUX,20,3600,3549,0.9858
2023,2023-05,2023-05-01,876 MUX-MED,3,540,539,0.9981
2023,2023-05,2023-05-01,877 MED-MUX,3,540,323,0.5981
2023,2023-05,2023-05-01,TOTALS,755,150888,131686,0.8727
2023,2023-06,2023-06-01,110 KHI-DXB,25,4500,4268,0.9484
2023,2023-06,2023-06-01,111 DXB-KHI,25,4500,4265,0.9478
2023,2023-06,2023-06-01,170 KHI-JED,8,1440,1100,0.7639
2023,2023-06,2023-06-01,171 JED-KHI,8,1440,1093,0.759
2023,2023-06,2023-06-01,176 KHI-MED,2,360,265,0.7361
2023,2023-06,2023-06-01,177 MED-KHI,2,360,128,0.3556
2023,2023-06,2023-06-01,200 KHI-ISB,29,5242,4888,0.9325
2023,2023-06,2023-06-01,201 ISB-KHI,29,5242,4219,0.8048
2023,2023-06,2023-06-01,207 ISB-KHI,29,5100,4627,0.9073
2023,2023-06,2023-06-01,208 KHI-ISB,29,5106,4802,0.9405
2023,2023-06,2023-06-01,210 ISB-DXB,29,5140,4971,0.9671
2023,2023-06,2023-06-01,211 DXB-ISB,29,5140,5067,0.9858
2023,2023-06,2023-06-01,212 ISB-SHJ,13,2420,2341,0.9674
2023,2023-06,2023-06-01,213 SHJ-ISB,13,2420,2385,0.9855
2023,2023-06,2023-06-01,216 ISB-DXB,12,2560,2478,0.968
2023,2023-06,2023-06-01,217 DXB-ISB,12,2560,2519,0.984
2023,2023-06,2023-06-01,230 ISB-AUH,17,3660,3625,0.9904
2023,2023-06,2023-06-01,231 AUH-ISB,17,3660,3642,0.9951
2023,2023-06,2023-06-01,232 ISB-AUH,2,400,399,0.9975
2023,2023-06,2023-06-01,233 AUH-ISB,2,400,398,0.995
2023,2023-06,2023-06-01,251 ISB-KDU,5,900,817,0.9078
2023,2023-06,2023-06-01,252 KDU-ISB,5,900,411,0.4567
2023,2023-06,2023-06-01,270 ISB-JED,9,1700,1375,0.8088
2023,2023-06,2023-06-01,271 JED-ISB,9,1700,1529,0.8994
2023,2023-06,2023-06-01,274 ISB-RUH,21,4595,4550,0.9902
2023,2023-06,2023-06-01,275 RUH-ISB,20,4375,4327,0.989
2023,2023-06,2023-06-01,276 ISB-MED,1,235,194,0.8255
2023,2023-06,2023-06-01,277 MED-ISB,1,235,187,0.7957
2023,2023-06,2023-06-01,401 LHE-KHI,24,4570,3380,0.7396
2023,2023-06,2023-06-01,402 KHI-LHE,23,4470,3479,0.7783
2023,2023-06,2023-06-01,405 LHE-KHI,18,3450,2579,0.7475
2023,2023-06,2023-06-01,406 KHI-LHE,19,3584,3158,0.8811
2023,2023-06,2023-06-01,410 LHE-DXB,30,6600,6458,0.9785
2023,2023-06,2023-06-01,411 DXB-LHE,30,6600,6465,0.9795
2023,2023-06,2023-06-01,412 LHE-SHJ,16,3348,3140,0.9379
2023,2023-06,2023-06-01,413 SHJ-LHE,16,3348,3127,0.934
2023,2023-06,2023-06-01,414 LHE-SHJ,1,174,167,0.9598
2023,2023-06,2023-06-01,415 SHJ-LHE,1,174,170,0.977
2023,2023-06,2023-06-01,418 LHE-DXB,2,440,440,1
2023,2023-06,2023-06-01,419 DXB-LHE,2,440,436,0.9909
2023,2023-06,2023-06-01,430 LHE-AUH,17,3740,3621,0.9682
2023,2023-06,2023-06-01,431 AUH-LHE,17,3740,3610,0.9652
2023,2023-06,2023-06-01,432 LHE-AUH,1,220,220,1
2023,2023-06,2023-06-01,433 AUH-LHE,1,220,220,1
2023,2023-06,2023-06-01,470 LHE-JED,9,1979,1424,0.7196
2023,2023-06,2023-06-01,471 JED-LHE,10,2214,1833,0.8279
2023,2023-06,2023-06-01,474 LHE-RUH,9,1940,1915,0.9871
2023,2023-06,2023-06-01,475 RUH-LHE,8,1720,1694,0.9849
2023,2023-06,2023-06-01,476 LHE-MED,1,220,199,0.9045
2023,2023-06,2023-06-01,477 MED-LHE,1,220,187,0.85
2023,2023-06,2023-06-01,810 LHE-DXB,1,180,101,0.5611
2023,2023-06,2023-06-01,810 MUX-DXB,16,2880,2831,0.983
2023,2023-06,2023-06-01,811 DXB-MUX,17,3060,3000,0.9804
2023,2023-06,2023-06-01,812 MUX-SHJ,12,2160,2083,0.9644
2023,2023-06,2023-06-01,813 SHJ-MUX,12,2160,2092,0.9685
2023,2023-06,2023-06-01,870 MUX-JED,7,1260,1029,0.8167
2023,2023-06,2023-06-01,871 JED-MUX,7,1260,1226,0.973
2023,2023-06,2023-06-01,876 MUX-MED,1,180,70,0.3889
2023,2023-06,2023-06-01,877 MED-MUX,1,180,169,0.9389
2023,2023-07,2023-07-01,110 KHI-DXB,27,4980,4884,0.9807
2023,2023-07,2023-07-01,111 DXB-KHI,27,5020,4712,0.9386
2023,2023-07,2023-07-01,170 KHI-JED,6,1240,977,0.7879
2023,2023-07,2023-07-01,171 JED-KHI,5,1020,848,0.8314
2023,2023-07,2023-07-01,176 KHI-MED,2,360,242,0.6722
2023,2023-07,2023-07-01,177 MED-KHI,3,540,424,0.7852
2023,2023-07,2023-07-01,200 KHI-ISB,17,3140,3007,0.9576
2023,2023-07,2023-07-01,201 ISB-KHI,17,3140,3009,0.9583
2023,2023-07,2023-07-01,207 ISB-KHI,31,5580,5297,0.9493
2023,2023-07,2023-07-01,208 KHI-ISB,31,5580,5278,0.9459
2023,2023-07,2023-07-01,210 ISB-DXB,31,5620,5545,0.9867
2023,2023-07,2023-07-01,211 DXB-ISB,31,5620,5444,0.9687
2023,2023-07,2023-07-01,212 ISB-SHJ,13,2435,2344,0.9626
2023,2023-07,2023-07-01,213 SHJ-ISB,13,2435,2283,0.9376
2023,2023-07,2023-07-01,216 ISB-DXB,14,2975,2937,0.9872
2023,2023-07,2023-07-01,217 DXB-ISB,14,2975,2841,0.955
2023,2023-07,2023-07-01,230 ISB-AUH,17,3700,3661,0.9895
2023,2023-07,2023-07-01,231 AUH-ISB,17,3700,3607,0.9749
2023,2023-07,2023-07-01,251 ISB-KDU,17,3060,2771,0.9056
2023,2023-07,2023-07-01,252 KDU-ISB,17,3060,2837,0.9271
2023,2023-07,2023-07-01,270 ISB-JED,5,1160,1010,0.8707
2023,2023-07,2023-07-01,271 JED-ISB,5,1160,986,0.85
2023,2023-07,2023-07-01,274 ISB-RUH,22,4830,4673,0.9675
2023,2023-07,2023-07-01,275 RUH-ISB,23,5050,4631,0.917
2023,2023-07,2023-07-01,276 ISB-MED,4,940,817,0.8691
2023,2023-07,2023-07-01,277 MED-ISB,4,940,694,0.7383
2023,2023-07,2023-07-01,401 LHE-KHI,31,5804,5495,0.9468
2023,2023-07,2023-07-01,402 KHI-LHE,31,5804,5363,0.924
2023,2023-07,2023-07-01,405 LHE-KHI,7,1276,1142,0.895
2023,2023-07,2023-07-01,406 KHI-LHE,7,1276,1149,0.9005
2023,2023-07,2023-07-01,410 LHE-DXB,31,6700,6551,0.9778
2023,2023-07,2023-07-01,411 DXB-LHE,31,6700,6451,0.9628
2023,2023-07,2023-07-01,412 LHE-SHJ,18,3840,3685,0.9596
2023,2023-07,2023-07-01,413 SHJ-LHE,18,3840,3500,0.9115
2023,2023-07,2023-07-01,430 LHE-AUH,17,3755,3697,0.9846
2023,2023-07,2023-07-01,431 AUH-LHE,17,3755,3420,0.9108
2023,2023-07,2023-07-01,470 LHE-JED,5,1145,1071,0.9354
2023,2023-07,2023-07-01,471 JED-LHE,5,1145,969,0.8463
2023,2023-07,2023-07-01,474 LHE-RUH,9,1930,1828,0.9472
2023,2023-07,2023-07-01,475 RUH-LHE,9,1930,1600,0.829
2023,2023-07,2023-07-01,476 LHE-MED,5,1175,1008,0.8579
2023,2023-07,2023-07-01,477 MED-LHE,5,1175,825,0.7021
2023,2023-07,2023-07-01,810 MUX-DXB,17,3220,3166,0.9832
2023,2023-07,2023-07-01,811 DXB-MUX,17,3180,3110,0.978
2023,2023-07,2023-07-01,812 MUX-SHJ,14,2640,2593,0.9822
2023,2023-07,2023-07-01,813 SHJ-MUX,14,2640,2451,0.9284
2023,2023-07,2023-07-01,870 MUX-JED,4,800,706,0.8825
2023,2023-07,2023-07-01,871 JED-MUX,5,1020,849,0.8324
2023,2023-07,2023-07-01,876 MUX-MED,3,620,545,0.879
2023,2023-07,2023-07-01,877 MED-MUX,2,440,324,0.7364
2023,2023-07,2023-07-01,TOTALS,735,146070,137257,0.9397
2023,2023-08,2023-08-01,110 KHI-DXB,26,4662,4537,0.9732
2023,2023-08,2023-08-01,111 DXB-KHI,26,4662,3249,0.6969
2023,2023-08,2023-08-01,116 KHI-DXB,26,4548,4399,0.9672
2023,2023-08,2023-08-01,117 DXB-KHI,26,4548,2307,0.5073
2023,2023-08,2023-08-01,170 KHI-JED,23,4134,4013,0.9707
2023,2023-08,2023-08-01,171 JED-KHI,23,4134,2075,0.5019
2023,2023-08,2023-08-01,200 KHI-ISB,4,714,592,0.8291
2023,2023-08,2023-08-01,201 ISB-KHI,4,714,699,0.979
2023,2023-08,2023-08-01,207 ISB-KHI,31,5620,5394,0.9598
2023,2023-08,2023-08-01,208 KHI-ISB,30,5440,5149,0.9465
2023,2023-08,2023-08-01,210 ISB-DXB,31,5865,5837,0.9952
2023,2023-08,2023-08-01,211 DXB-ISB,31,5865,5416,0.9234
2023,2023-08,2023-08-01,212 ISB-SHJ,12,2515,2494,0.9917
2023,2023-08,2023-08-01,213 SHJ-ISB,12,2515,2097,0.8338
2023,2023-08,2023-08-01,216 ISB-DXB,13,2875,2814,0.9788
2023,2023-08,2023-08-01,217 DXB-ISB,13,2875,2457,0.8546
2023,2023-08,2023-08-01,230 ISB-AUH,18,3910,3868,0.9893
2023,2023-08,2023-08-01,231 AUH-ISB,18,3910,3695,0.945
2023,2023-08,2023-08-01,251 ISB-KDU,18,3240,2431,0.7503
2023,2023-08,2023-08-01,252 KDU-ISB,17,3060,2976,0.9725
2023,2023-08,2023-08-01,270 ISB-JED,20,4590,4504,0.9813
2023,2023-08,2023-08-01,271 JED-ISB,20,4590,2727,0.5941
2023,2023-08,2023-08-01,274 ISB-RUH,17,3715,3674,0.989
2023,2023-08,2023-08-01,275 RUH-ISB,16,3495,3253,0.9308
2023,2023-08,2023-08-01,401 LHE-KHI,26,5673,5526,0.9741
2023,2023-08,2023-08-01,402 KHI-LHE,25,5499,4900,0.8911
2023,2023-08,2023-08-01,405 LHE-KHI,5,1054,1005,0.9535
2023,2023-08,2023-08-01,406 KHI-LHE,5,1054,872,0.8273
2023,2023-08,2023-08-01,410 LHE-DXB,31,6820,6744,0.9889
2023,2023-08,2023-08-01,411 DXB-LHE,31,6820,6386,0.9364
2023,2023-08,2023-08-01,412 LHE-SHJ,12,2640,2581,0.9777
2023,2023-08,2023-08-01,413 SHJ-LHE,12,2640,2196,0.8318
2023,2023-08,2023-08-01,416 LHE-DXB,18,3975,3893,0.9794
2023,2023-08,2023-08-01,417 DXB-LHE,18,3975,3254,0.8186
2023,2023-08,2023-08-01,430 LHE-AUH,16,3520,3446,0.979
2023,2023-08,2023-08-01,431 AUH-LHE,16,3520,3118,0.8858
2023,2023-08,2023-08-01,470 LHE-JED,27,6345,6276,0.9891
2023,2023-08,2023-08-01,471 JED-LHE,27,6345,4125,0.6501
2023,2023-08,2023-08-01,474 LHE-RUH,5,1115,1099,0.9857
2023,2023-08,2023-08-01,475 RUH-LHE,6,1335,1185,0.8876
2023,2023-08,2023-08-01,810 MUX-DXB,18,3240,3228,0.9963
2023,2023-08,2023-08-01,811 DXB-MUX,18,3240,3099,0.9565
2023,2023-08,2023-08-01,812 MUX-SHJ,13,2340,2327,0.9944
2023,2023-08,2023-08-01,813 SHJ-MUX,13,2340,2033,0.8688
2023,2023-08,2023-08-01,870 MUX-JED,24,4320,4294,0.994
2023,2023-08,2023-08-01,871 JED-MUX,24,4320,2954,0.6838
2023,2023-08,2023-08-01,TOTALS,865,174326,155198,0.8903
2023,2023-09,2023-09-01,110 KHI-DXB,26,4626,4470,0.9663
2023,2023-09,2023-09-01,111 DXB-KHI,26,4626,3030,0.655
2023,2023-09,2023-09-01,170 KHI-JED,21,3744,3547,0.9474
2023,2023-09,2023-09-01,171 JED-KHI,21,3750,2323,0.6195
2023,2023-09,2023-09-01,200 KHI-ISB,15,2694,2456,0.9117
2023,2023-09,2023-09-01,201 ISB-KHI,14,2508,2309,0.9207
2023,2023-09,2023-09-01,207 ISB-KHI,30,5364,5020,0.9359
2023,2023-09,2023-09-01,208 KHI-ISB,29,5178,4951,0.9562
2023,2023-09,2023-09-01,210 ISB-DXB,30,5404,5262,0.9737
2023,2023-09,2023-09-01,211 DXB-ISB,30,5404,4723,0.874
2023,2023-09,2023-09-01,212 ISB-SHJ,13,2652,2573,0.9702
2023,2023-09,2023-09-01,213 SHJ-ISB,13,2652,1938,0.7308
2023,2023-09,2023-09-01,216 ISB-DXB,13,2860,2808,0.9818
2023,2023-09,2023-09-01,217 DXB-ISB,13,2860,2265,0.792
2023,2023-09,2023-09-01,230 ISB-AUH,17,3755,3666,0.9763
2023,2023-09,2023-09-01,231 AUH-ISB,17,3755,3357,0.894
2023,2023-09,2023-09-01,251 ISB-KDU,9,1620,1431,0.8833
2023,2023-09,2023-09-01,252 KDU-ISB,9,1620,1513,0.934
2023,2023-09,2023-09-01,270 ISB-JED,26,6110,5877,0.9619
2023,2023-09,2023-09-01,271 JED-ISB,26,6110,4256,0.6966
2023,2023-09,2023-09-01,272 ISB-JED,1,235,220,0.9362
2023,2023-09,2023-09-01,273 JED-ISB,1,235,201,0.8553
2023,2023-09,2023-09-01,274 ISB-RUH,22,4840,4725,0.9762
2023,2023-09,2023-09-01,275 RUH-ISB,22,4840,4103,0.8477
2023,2023-09,2023-09-01,401 LHE-KHI,29,6370,6123,0.9612
2023,2023-09,2023-09-01,402 KHI-LHE,29,6370,6034,0.9473
2023,2023-09,2023-09-01,405 LHE-KHI,11,2340,2126,0.9085
2023,2023-09,2023-09-01,406 KHI-LHE,12,2520,2344,0.9302
2023,2023-09,2023-09-01,410 LHE-DXB,30,6560,6405,0.9764
2023,2023-09,2023-09-01,411 DXB-LHE,30,6560,5692,0.8677
2023,2023-09,2023-09-01,412 LHE-SHJ,17,3730,3634,0.9743
2023,2023-09,2023-09-01,413 SHJ-LHE,16,3535,2497,0.7064
2023,2023-09,2023-09-01,416 LHE-DXB,16,3440,3325,0.9666
2023,2023-09,2023-09-01,417 DXB-LHE,16,3440,2516,0.7314
2023,2023-09,2023-09-01,430 LHE-AUH,17,3715,3513,0.9456
2023,2023-09,2023-09-01,431 AUH-LHE,17,3715,3050,0.821
2023,2023-09,2023-09-01,470 LHE-JED,30,7005,6824,0.9742
2023,2023-09,2023-09-01,471 JED-LHE,30,7005,6275,0.8958
2023,2023-09,2023-09-01,474 LHE-RUH,9,1980,1962,0.9909
2023,2023-09,2023-09-01,475 RUH-LHE,9,1980,1896,0.9576
2023,2023-09,2023-09-01,810 MUX-DXB,17,3134,2995,0.9556
2023,2023-09,2023-09-01,811 DXB-MUX,17,3134,2925,0.9333
2023,2023-09,2023-09-01,812 MUX-SHJ,12,2194,2131,0.9713
2023,2023-09,2023-09-01,813 SHJ-MUX,12,2154,1484,0.689
2023,2023-09,2023-09-01,870 MUX-JED,29,5374,5052,0.9401
2023,2023-09,2023-09-01,871 JED-MUX,29,5368,4741,0.8832
2023,2023-09,2023-09-01,TOTALS,878,179065,160568,0.8967
2023,2023-10,2023-10-01,110 KHI-DXB,26,4680,4441,0.9489
2023,2023-10,2023-10-01,111 DXB-KHI,26,4680,3758,0.803
2023,2023-10,2023-10-01,170 KHI-JED,31,5580,5319,0.9532
2023,2023-10,2023-10-01,1700 KHI-KHI,1,180,0,0
2023,2023-10,2023-10-01,171 JED-KHI,31,5580,4996,0.8953
2023,2023-10,2023-10-01,200 KHI-ISB,18,3494,3043,0.8709
2023,2023-10,2023-10-01,201 ISB-KHI,18,3494,3247,0.9293
2023,2023-10,2023-10-01,207 ISB-KHI,27,4840,4611,0.9527
2023,2023-10,2023-10-01,2077 ISB-ISB,2,409,0,0
2023,2023-10,2023-10-01,208 KHI-ISB,27,4840,4522,0.9343
2023,2023-10,2023-10-01,210 ISB-DXB,31,5514,5450,0.9884
2023,2023-10,2023-10-01,211 DXB-ISB,31,5514,5425,0.9839
2023,2023-10,2023-10-01,212 ISB-SHJ,13,2823,2748,0.9734
2023,2023-10,2023-10-01,213 SHJ-ISB,13,2823,2738,0.9699
2023,2023-10,2023-10-01,216 ISB-DXB,14,2920,2886,0.9884
2023,2023-10,2023-10-01,217 DXB-ISB,14,2920,2853,0.9771
2023,2023-10,2023-10-01,230 ISB-AUH,18,4005,3919,0.9785
2023,2023-10,2023-10-01,231 AUH-ISB,18,4005,3973,0.992
2023,2023-10,2023-10-01,251 ISB-KDU,12,2160,1907,0.8829
2023,2023-10,2023-10-01,252 KDU-ISB,12,2160,2024,0.9366
2023,2023-10,2023-10-01,270 ISB-JED,31,7255,7187,0.9906
2023,2023-10,2023-10-01,271 JED-ISB,31,7255,7130,0.9828
2023,2023-10,2023-10-01,274 ISB-RUH,21,4555,4455,0.978
2023,2023-10,2023-10-01,275 RUH-ISB,21,4555,4420,0.9704
2023,2023-10,2023-10-01,401 LHE-KHI,31,6475,5934,0.9164
2023,2023-10,2023-10-01,402 KHI-LHE,31,6475,5941,0.9175
2023,2023-10,2023-10-01,405 LHE-KHI,15,3060,2823,0.9225
2023,2023-10,2023-10-01,406 KHI-LHE,15,3060,2614,0.8542
2023,2023-10,2023-10-01,410 LHE-DXB,31,6715,6488,0.9662
2023,2023-10,2023-10-01,411 DXB-LHE,31,6715,6576,0.9793
2023,2023-10,2023-10-01,412 LHE-SHJ,18,3710,3452,0.9305
2023,2023-10,2023-10-01,413 SHJ-LHE,16,3295,3212,0.9748
2023,2023-10,2023-10-01,416 LHE-DXB,16,3440,3239,0.9416
2023,2023-10,2023-10-01,417 DXB-LHE,16,3440,3352,0.9744
2023,2023-10,2023-10-01,430 LHE-AUH,17,3700,3547,0.9586
2023,2023-10,2023-10-01,431 AUH-LHE,17,3700,3648,0.9859
2023,2023-10,2023-10-01,470 LHE-JED,31,7030,6805,0.968
2023,2023-10,2023-10-01,4700 LHE-LHE,1,235,0,0
2023,2023-10,2023-10-01,471 JED-LHE,30,6810,6674,0.98
2023,2023-10,2023-10-01,474 LHE-RUH,9,1940,1855,0.9562
2023,2023-10,2023-10-01,475 RUH-LHE,9,1940,1933,0.9964
2023,2023-10,2023-10-01,810 MUX-DXB,18,3240,3037,0.9373
2023,2023-10,2023-10-01,811 DXB-MUX,18,3240,3158,0.9747
2023,2023-10,2023-10-01,812 MUX-SHJ,13,2340,2209,0.944
2023,2023-10,2023-10-01,813 SHJ-MUX,13,2340,2319,0.991
2023,2023-10,2023-10-01,870 MUX-JED,31,5580,5481,0.9823
2023,2023-10,2023-10-01,871 JED-MUX,30,5400,5350,0.9907
2023,2023-10,2023-10-01,TOTALS,944,190121,180698,0.9504
2023,2023-11,2023-11-01,110 KHI-DXB,23,4140,3827,0.9244
2023,2023-11,2023-11-01,111 DXB-KHI,23,4140,3787,0.9147
2023,2023-11,2023-11-01,170 KHI-JED,25,4500,4337,0.9638
2023,2023-11,2023-11-01,171 JED-KHI,25,4500,4352,0.9671
2023,2023-11,2023-11-01,200 KHI-ISB,12,2294,1092,0.476
2023,2023-11,2023-11-01,201 ISB-KHI,11,2082,1342,0.6446
2023,2023-11,2023-11-01,207 ISB-KHI,17,3302,2400,0.7268
2023,2023-11,2023-11-01,208 KHI-ISB,17,3310,1929,0.5828
2023,2023-11,2023-11-01,210 ISB-DXB,30,5796,5404,0.9324
2023,2023-11,2023-11-01,211 DXB-ISB,30,5796,5568,0.9607
2023,2023-11,2023-11-01,212 ISB-SHJ,13,2494,2285,0.9162
2023,2023-11,2023-11-01,213 SHJ-ISB,13,2494,2389,0.9579
2023,2023-11,2023-11-01,216 ISB-DXB,20,3604,3404,0.9445
2023,2023-11,2023-11-01,217 DXB-ISB,20,3604,3448,0.9567
2023,2023-11,2023-11-01,230 ISB-AUH,17,3436,3255,0.9473
2023,2023-11,2023-11-01,231 AUH-ISB,17,3436,3370,0.9808
2023,2023-11,2023-11-01,270 ISB-JED,30,5920,5855,0.989
2023,2023-11,2023-11-01,271 JED-ISB,30,5920,5834,0.9855
2023,2023-11,2023-11-01,274 ISB-RUH,19,3762,3732,0.992
2023,2023-11,2023-11-01,275 RUH-ISB,19,3762,3698,0.983
2023,2023-11,2023-11-01,401 LHE-KHI,21,4048,2489,0.6149
2023,2023-11,2023-11-01,402 KHI-LHE,21,4048,2734,0.6754
2023,2023-11,2023-11-01,405 LHE-KHI,28,5290,4234,0.8004
2023,2023-11,2023-11-01,406 KHI-LHE,27,5062,3564,0.7041
2023,2023-11,2023-11-01,410 LHE-DXB,30,6074,5759,0.9481
2023,2023-11,2023-11-01,411 DXB-LHE,30,6074,5899,0.9712
2023,2023-11,2023-11-01,412 LHE-SHJ,16,3062,2935,0.9585
2023,2023-11,2023-11-01,413 SHJ-LHE,16,3022,2960,0.9795
2023,2023-11,2023-11-01,430 LHE-AUH,12,2228,2130,0.956
2023,2023-11,2023-11-01,431 AUH-LHE,12,2228,2187,0.9816
2023,2023-11,2023-11-01,432 LHE-AUH,4,794,755,0.9509
2023,2023-11,2023-11-01,433 AUH-LHE,4,794,788,0.9924
2023,2023-11,2023-11-01,470 LHE-JED,28,5674,5575,0.9826
2023,2023-11,2023-11-01,471 JED-LHE,28,5714,5651,0.989
2023,2023-11,2023-11-01,474 LHE-RUH,9,1808,1728,0.9558
2023,2023-11,2023-11-01,475 RUH-LHE,9,1808,1772,0.9801
2023,2023-11,2023-11-01,810 MUX-DXB,17,3060,2887,0.9435
2023,2023-11,2023-11-01,811 DXB-MUX,17,3060,3014,0.985
2023,2023-11,2023-11-01,812 MUX-SHJ,12,2160,1993,0.9227
2023,2023-11,2023-11-01,813 SHJ-MUX,12,2160,2110,0.9769
2023,2023-11,2023-11-01,870 MUX-JED,29,5220,5105,0.978
2023,2023-11,2023-11-01,871 JED-MUX,29,5220,5165,0.9895
2023,2023-11,2023-11-01,9001 KHI-KHI,1,212,0,0
2023,2023-11,2023-11-01,9003 ISB-ISB,1,174,0,0
2023,2023-11,2023-11-01,TOTALS,824,157286,142742,0.9075
2023,2023-12,2023-12-01,110 KHI-DXB,25,4540,4121,0.9077
2023,2023-12,2023-12-01,111 DXB-KHI,25,4540,4320,0.9515
2023,2023-12,2023-12-01,170 KHI-JED,26,4680,4508,0.9632
2023,2023-12,2023-12-01,171 JED-KHI,26,4680,4634,0.9902
2023,2023-12,2023-12-01,200 KHI-ISB,13,2620,2504,0.9557
2023,2023-12,2023-12-01,201 ISB-KHI,13,2620,2551,0.9737
2023,2023-12,2023-12-01,204 KHI-ISB,1,180,0,0
2023,2023-12,2023-12-01,205 ISB-KHI,1,180,0,0
2023,2023-12,2023-12-01,207 ISB-KHI,30,5576,5265,0.9442
2023,2023-12,2023-12-01,208 KHI-ISB,30,5530,5228,0.9454
2023,2023-12,2023-12-01,210 ISB-DXB,30,5654,5392,0.9537
2023,2023-12,2023-12-01,211 DXB-ISB,30,5654,5592,0.989
2023,2023-12,2023-12-01,212 ISB-SHJ,13,2608,2484,0.9525
2023,2023-12,2023-12-01,213 SHJ-ISB,13,2608,2590,0.9931
2023,2023-12,2023-12-01,216 ISB-DXB,23,4292,4077,0.9499
2023,2023-12,2023-12-01,217 DXB-ISB,23,4292,4195,0.9774
2023,2023-12,2023-12-01,230 ISB-AUH,18,3960,3787,0.9563
2023,2023-12,2023-12-01,231 AUH-ISB,18,3960,3830,0.9672
2023,2023-12,2023-12-01,270 ISB-JED,29,5448,5301,0.973
2023,2023-12,2023-12-01,271 JED-ISB,29,5448,5412,0.9934
2023,2023-12,2023-12-01,274 ISB-RUH,19,4180,4118,0.9852
2023,2023-12,2023-12-01,275 RUH-ISB,20,4400,4312,0.98
2023,2023-12,2023-12-01,401 LHE-KHI,23,4758,4269,0.8972
2023,2023-12,2023-12-01,402 KHI-LHE,23,4758,4303,0.9044
2023,2023-12,2023-12-01,405 LHE-KHI,19,3716,3262,0.8778
2023,2023-12,2023-12-01,406 KHI-LHE,19,3716,3198,0.8606
2023,2023-12,2023-12-01,410 LHE-DXB,31,6540,6302,0.9636
2023,2023-12,2023-12-01,411 DXB-LHE,31,6540,6375,0.9748
2023,2023-12,2023-12-01,412 LHE-SHJ,18,3792,3674,0.9689
2023,2023-12,2023-12-01,413 SHJ-LHE,18,3800,3513,0.9245
2023,2023-12,2023-12-01,430 LHE-AUH,18,3744,3567,0.9527
2023,2023-12,2023-12-01,431 AUH-LHE,18,3744,3639,0.972
2023,2023-12,2023-12-01,470 LHE-JED,27,5436,5191,0.9549
2023,2023-12,2023-12-01,4700 LHE-LHE,1,220,0,0
2023,2023-12,2023-12-01,471 JED-LHE,27,5436,5375,0.9888
2023,2023-12,2023-12-01,472 LHE-JED,1,180,175,0.9722
2023,2023-12,2023-12-01,473 JED-LHE,1,180,180,1
2023,2023-12,2023-12-01,474 LHE-RUH,8,1624,1522,0.9372
2023,2023-12,2023-12-01,475 RUH-LHE,8,1624,1614,0.9938
2023,2023-12,2023-12-01,810 MUX-DXB,18,3192,2970,0.9305
2023,2023-12,2023-12-01,811 DXB-MUX,18,3192,3159,0.9897
2023,2023-12,2023-12-01,812 MUX-SHJ,13,2304,2114,0.9175
2023,2023-12,2023-12-01,813 SHJ-MUX,13,2304,2273,0.9865
2023,2023-12,2023-12-01,870 MUX-JED,27,4794,4741,0.9889
2023,2023-12,2023-12-01,871 JED-MUX,27,4794,4751,0.991
2023,2023-12,2023-12-01,TOTALS,862,168038,160388,0.9545
2024,2024-01,2024-01-01,110 KHI-DXB,26,4680,4591,0.981
2024,2024-01,2024-01-01,111 DXB-KHI,26,4680,4224,0.9026
2024,2024-01,2024-01-01,170 KHI-JED,29,5220,5095,0.9761
2024,2024-01,2024-01-01,171 JED-KHI,29,5220,5070,0.9713
2024,2024-01,2024-01-01,200 KHI-ISB,9,1688,1570,0.9301
2024,2024-01,2024-01-01,201 ISB-KHI,10,1868,1789,0.9577
2024,2024-01,2024-01-01,207 ISB-KHI,27,4956,4665,0.9413
2024,2024-01,2024-01-01,208 KHI-ISB,28,5136,4714,0.9178
2024,2024-01,2024-01-01,210 ISB-DXB,26,4906,4810,0.9804
2024,2024-01,2024-01-01,211 DXB-ISB,26,4906,4832,0.9849
2024,2024-01,2024-01-01,212 ISB-SHJ,8,1456,1445,0.9924
2024,2024-01,2024-01-01,213 SHJ-ISB,7,1276,1265,0.9914
2024,2024-01,2024-01-01,216 ISB-DXB,22,3922,3852,0.9822
2024,2024-01,2024-01-01,217 DXB-ISB,22,3928,3814,0.971
2024,2024-01,2024-01-01,230 ISB-AUH,15,3254,3166,0.973
2024,2024-01,2024-01-01,231 AUH-ISB,15,3254,3160,0.9711
2024,2024-01,2024-01-01,270 ISB-JED,30,5414,5298,0.9786
2024,2024-01,2024-01-01,271 JED-ISB,30,5414,5333,0.985
2024,2024-01,2024-01-01,272 ISB-JED,1,174,162,0.931
2024,2024-01,2024-01-01,273 JED-ISB,1,174,172,0.9885
2024,2024-01,2024-01-01,274 ISB-RUH,20,4354,4297,0.9869
2024,2024-01,2024-01-01,275 RUH-ISB,19,4134,4054,0.9806
2024,2024-01,2024-01-01,278 ISB-RUH,1,220,214,0.9727
2024,2024-01,2024-01-01,279 RUH-ISB,1,220,220,1
2024,2024-01,2024-01-01,401 LHE-KHI,24,4968,4708,0.9477
2024,2024-01,2024-01-01,402 KHI-LHE,25,5188,4888,0.9422
2024,2024-01,2024-01-01,405 LHE-KHI,20,4096,3693,0.9016
2024,2024-01,2024-01-01,4055 LHE-LHE,1,180,0,0
2024,2024-01,2024-01-01,406 KHI-LHE,19,3876,3280,0.8462
2024,2024-01,2024-01-01,410 LHE-DXB,30,6256,6083,0.9723
2024,2024-01,2024-01-01,411 DXB-LHE,30,6256,6103,0.9755
2024,2024-01,2024-01-01,412 LHE-SHJ,15,3196,3115,0.9747
2024,2024-01,2024-01-01,413 SHJ-LHE,16,3408,3314,0.9724
2024,2024-01,2024-01-01,416 LHE-DXB,1,212,184,0.8679
2024,2024-01,2024-01-01,417 DXB-LHE,1,212,207,0.9764
2024,2024-01,2024-01-01,430 LHE-AUH,15,3188,3108,0.9749
2024,2024-01,2024-01-01,431 AUH-LHE,15,3188,3115,0.9771
2024,2024-01,2024-01-01,470 LHE-JED,30,5736,5505,0.9597
2024,2024-01,2024-01-01,4700 LHE-LHE,1,180,0,0
2024,2024-01,2024-01-01,471 JED-LHE,30,5704,5632,0.9874
2024,2024-01,2024-01-01,472 LHE-JED,1,180,166,0.9222
2024,2024-01,2024-01-01,473 JED-LHE,1,180,176,0.9778
2024,2024-01,2024-01-01,474 LHE-RUH,9,1940,1856,0.9567
2024,2024-01,2024-01-01,475 RUH-LHE,9,1940,1895,0.9768
2024,2024-01,2024-01-01,810 LHE-DXB,2,360,277,0.7694
2024,2024-01,2024-01-01,810 MUX-DXB,13,2406,2303,0.9572
2024,2024-01,2024-01-01,811 DXB-LHE,1,180,174,0.9667
2024,2024-01,2024-01-01,811 DXB-MUX,14,2580,2499,0.9686
2024,2024-01,2024-01-01,812 LHE-SHJ,1,180,178,0.9889
2024,2024-01,2024-01-01,812 MUX-SHJ,5,894,841,0.9407
2024,2024-01,2024-01-01,813 SHJ-LHE,1,180,180,1
2024,2024-01,2024-01-01,813 SHJ-MUX,5,894,884,0.9888
2024,2024-01,2024-01-01,870 LHE-JED,2,360,295,0.8194
2024,2024-01,2024-01-01,870 MUX-JED,14,2502,2456,0.9816
2024,2024-01,2024-01-01,871 JED-LHE,2,360,322,0.8944
2024,2024-01,2024-01-01,871 JED-MUX,14,2508,2505,0.9988
2024,2024-01,2024-01-01,872 LHE-JED,1,180,162,0.9
2024,2024-01,2024-01-01,872 MUX-JED,10,1800,1785,0.9917
2024,2024-01,2024-01-01,873 JED-LHE,1,180,178,0.9889
2024,2024-01,2024-01-01,873 JED-MUX,10,1800,1755,0.975
2024,2024-01,2024-01-01,874 LHE-JED,1,220,171,0.7773
2024,2024-01,2024-01-01,874 MUX-JED,1,180,179,0.9944
2024,2024-01,2024-01-01,875 JED-LHE,1,220,201,0.9136
2024,2024-01,2024-01-01,875 JED-MUX,1,180,178,0.9889
2024,2024-01,2024-01-01,TOTALS,821,158702,152363,0.9601
2024,2024-02,2024-02-01,110 KHI-DXB,28,5416,5255,0.9703
2024,2024-02,2024-02-01,111 DXB-KHI,28,5416,4091,0.7554
2024,2024-02,2024-02-01,170 KHI-JED,22,4232,4062,0.9598
2024,2024-02,2024-02-01,171 JED-KHI,22,4232,3696,0.8733
2024,2024-02,2024-02-01,172 KHI-JED,3,540,532,0.9852
2024,2024-02,2024-02-01,173 JED-KHI,3,540,472,0.8741
2024,2024-02,2024-02-01,200 KHI-ISB,11,2284,1881,0.8236
2024,2024-02,2024-02-01,201 ISB-KHI,10,2144,1901,0.8867
2024,2024-02,2024-02-01,207 ISB-KHI,22,4218,3708,0.8791
2024,2024-02,2024-02-01,208 KHI-ISB,20,3858,3367,0.8727
2024,2024-02,2024-02-01,210 ISB-DXB,25,4612,4459,0.9668
2024,2024-02,2024-02-01,211 DXB-ISB,24,4438,3884,0.8752
2024,2024-02,2024-02-01,212 ISB-SHJ,11,2048,1931,0.9429
2024,2024-02,2024-02-01,213 SHJ-ISB,11,2048,1785,0.8716
2024,2024-02,2024-02-01,216 ISB-DXB,19,3442,3271,0.9503
2024,2024-02,2024-02-01,217 DXB-ISB,20,3610,3151,0.8729
2024,2024-02,2024-02-01,218 ISB-DXB,4,840,832,0.9905
2024,2024-02,2024-02-01,219 DXB-ISB,4,840,761,0.906
2024,2024-02,2024-02-01,230 ISB-AUH,14,3000,2799,0.933
2024,2024-02,2024-02-01,231 AUH-ISB,14,3000,2749,0.9163
2024,2024-02,2024-02-01,270 ISB-JED,28,5120,4906,0.9582
2024,2024-02,2024-02-01,271 JED-ISB,28,5120,4985,0.9736
2024,2024-02,2024-02-01,272 ISB-JED,1,180,178,0.9889
2024,2024-02,2024-02-01,273 JED-ISB,1,180,178,0.9889
2024,2024-02,2024-02-01,274 ISB-RUH,20,4228,4146,0.9806
2024,2024-02,2024-02-01,275 RUH-ISB,20,4228,4103,0.9704
2024,2024-02,2024-02-01,278 ISB-RUH,1,180,151,0.8389
2024,2024-02,2024-02-01,279 RUH-ISB,1,180,145,0.8056
2024,2024-02,2024-02-01,401 LHE-KHI,25,5152,4580,0.889
2024,2024-02,2024-02-01,402 KHI-LHE,24,4940,4380,0.8866
2024,2024-02,2024-02-01,405 LHE-KHI,19,3972,3735,0.9403
2024,2024-02,2024-02-01,406 KHI-LHE,20,4184,3773,0.9018
2024,2024-02,2024-02-01,410 LHE-DXB,29,5832,5765,0.9885
2024,2024-02,2024-02-01,411 DXB-LHE,29,5832,5526,0.9475
2024,2024-02,2024-02-01,412 LHE-SHJ,14,3008,2987,0.993
2024,2024-02,2024-02-01,413 SHJ-LHE,14,3008,2886,0.9594
2024,2024-02,2024-02-01,430 LHE-AUH,14,2946,2920,0.9912
2024,2024-02,2024-02-01,431 AUH-LHE,14,2946,2734,0.928
2024,2024-02,2024-02-01,470 LHE-JED,29,5342,5161,0.9661
2024,2024-02,2024-02-01,4700 LHE-LHE,1,174,0,0
2024,2024-02,2024-02-01,471 JED-LHE,29,5374,5099,0.9488
2024,2024-02,2024-02-01,474 LHE-RUH,9,1972,1957,0.9924
2024,2024-02,2024-02-01,475 RUH-LHE,9,1972,1831,0.9285
2024,2024-02,2024-02-01,810 MUX-DXB,16,2858,2759,0.9654
2024,2024-02,2024-02-01,811 DXB-MUX,16,2864,2653,0.9263
2024,2024-02,2024-02-01,812 MUX-SHJ,8,1410,1368,0.9702
2024,2024-02,2024-02-01,813 SHJ-MUX,8,1410,1305,0.9255
2024,2024-02,2024-02-01,870 MUX-JED,23,4068,4003,0.984
2024,2024-02,2024-02-01,871 JED-MUX,23,4062,3946,0.9714
2024,2024-02,2024-02-01,872 MUX-JED,3,540,535,0.9907
2024,2024-02,2024-02-01,873 JED-MUX,3,540,529,0.9796
2024,2024-02,2024-02-01,TOTALS,794,154580,143811,0.9303
2024,2024-03,2024-03-01,110 KHI-DXB,25,4500,3781,0.8402
2024,2024-03,2024-03-01,111 DXB-KHI,25,4500,3253,0.7229
2024,2024-03,2024-03-01,170 KHI-JED,28,5040,4908,0.9738
2024,2024-03,2024-03-01,171 JED-KHI,28,5040,4546,0.902
2024,2024-03,2024-03-01,200 KHI-ISB,6,1240,1019,0.8218
2024,2024-03,2024-03-01,201 ISB-KHI,5,1020,989,0.9696
2024,2024-03,2024-03-01,207 ISB-KHI,30,5530,4530,0.8192
2024,2024-03,2024-03-01,208 KHI-ISB,30,5545,4805,0.8665
2024,2024-03,2024-03-01,210 ISB-DXB,27,4978,4339,0.8716
2024,2024-03,2024-03-01,211 DXB-ISB,27,4978,4072,0.818
2024,2024-03,2024-03-01,212 ISB-SHJ,13,2368,2074,0.8758
2024,2024-03,2024-03-01,213 SHJ-ISB,13,2368,1769,0.747
2024,2024-03,2024-03-01,216 ISB-DXB,20,3724,3357,0.9015
2024,2024-03,2024-03-01,217 DXB-ISB,20,3724,3171,0.8515
2024,2024-03,2024-03-01,230 ISB-AUH,15,3275,3036,0.927
2024,2024-03,2024-03-01,2300 ISB-ISB,1,220,0,0
2024,2024-03,2024-03-01,231 AUH-ISB,15,3275,2839,0.8669
2024,2024-03,2024-03-01,270 ISB-JED,30,5404,5178,0.9582
2024,2024-03,2024-03-01,271 JED-ISB,30,5404,5082,0.9404
2024,2024-03,2024-03-01,274 ISB-RUH,19,4140,3935,0.9505
2024,2024-03,2024-03-01,275 RUH-ISB,19,4140,3929,0.949
2024,2024-03,2024-03-01,278 ISB-RUH,1,220,218,0.9909
2024,2024-03,2024-03-01,279 RUH-ISB,1,220,213,0.9682
2024,2024-03,2024-03-01,401 LHE-KHI,30,6312,4548,0.7205
2024,2024-03,2024-03-01,402 KHI-LHE,30,6312,4280,0.6781
2024,2024-03,2024-03-01,405 LHE-KHI,12,2506,2281,0.9102
2024,2024-03,2024-03-01,406 KHI-LHE,12,2506,2122,0.8468
2024,2024-03,2024-03-01,410 LHE-DXB,30,6298,5732,0.9101
2024,2024-03,2024-03-01,411 DXB-LHE,30,6298,5857,0.93
2024,2024-03,2024-03-01,412 LHE-SHJ,14,2968,2906,0.9791
2024,2024-03,2024-03-01,413 SHJ-LHE,14,2968,2683,0.904
2024,2024-03,2024-03-01,416 LHE-DXB,1,220,72,0.3273
2024,2024-03,2024-03-01,430 LHE-AUH,16,3384,3191,0.943
2024,2024-03,2024-03-01,431 AUH-LHE,16,3384,2795,0.8259
2024,2024-03,2024-03-01,470 LHE-JED,31,5864,5700,0.972
2024,2024-03,2024-03-01,471 JED-LHE,31,5864,5576,0.9509
2024,2024-03,2024-03-01,474 LHE-RUH,8,1672,1599,0.9563
2024,2024-03,2024-03-01,475 RUH-LHE,8,1672,1300,0.7775
2024,2024-03,2024-03-01,810 MUX-DXB,16,2862,2770,0.9679
2024,2024-03,2024-03-01,811 DXB-MUX,16,2862,2729,0.9535
2024,2024-03,2024-03-01,812 MUX-SHJ,11,1968,1901,0.966
2024,2024-03,2024-03-01,813 SHJ-MUX,11,1968,1685,0.8562
2024,2024-03,2024-03-01,870 MUX-JED,28,4998,4914,0.9832
2024,2024-03,2024-03-01,871 JED-MUX,29,5178,4942,0.9544
2024,2024-03,2024-03-01,TOTALS,822,158917,140626,0.8849
2024,2024-04,2024-04-01,110 KHI-DXB,26,4660,3979,0.8539
2024,2024-04,2024-04-01,1100 KHI-KHI,1,174,0,0
2024,2024-04,2024-04-01,111 DXB-KHI,26,4666,4121,0.8832
2024,2024-04,2024-04-01,170 KHI-JED,30,5340,5030,0.9419
2024,2024-04,2024-04-01,171 JED-KHI,30,5340,5314,0.9951
2024,2024-04,2024-04-01,200 KHI-ISB,20,4064,3662,0.9011
2024,2024-04,2024-04-01,201 ISB-KHI,20,4018,3240,0.8064
2024,2024-04,2024-04-01,207 ISB-KHI,27,4898,4010,0.8187
2024,2024-04,2024-04-01,208 KHI-ISB,27,4858,4385,0.9026
2024,2024-04,2024-04-01,210 ISB-DXB,25,5770,3858,0.6686
2024,2024-04,2024-04-01,211 DXB-ISB,25,5770,4921,0.8529
2024,2024-04,2024-04-01,212 ISB-SHJ,12,2600,2063,0.7935
2024,2024-04,2024-04-01,213 SHJ-ISB,12,2600,2060,0.7923
2024,2024-04,2024-04-01,216 ISB-DXB,27,6080,4666,0.7674
2024,2024-04,2024-04-01,217 DXB-ISB,27,6080,5050,0.8306
2024,2024-04,2024-04-01,230 ISB-AUH,17,3761,3264,0.8679
2024,2024-04,2024-04-01,231 AUH-ISB,17,3761,3547,0.9431
2024,2024-04,2024-04-01,251 ISB-ISB,1,180,0,0
2024,2024-04,2024-04-01,251 ISB-KDU,14,2520,2016,0.8
2024,2024-04,2024-04-01,252 KDU-ISB,14,2520,1679,0.6663
2024,2024-04,2024-04-01,270 ISB-JED,30,5558,5199,0.9354
2024,2024-04,2024-04-01,271 JED-ISB,30,5558,5449,0.9804
2024,2024-04,2024-04-01,274 ISB-RUH,20,3600,3495,0.9708
2024,2024-04,2024-04-01,275 RUH-ISB,20,3640,3579,0.9832
2024,2024-04,2024-04-01,401 LHE-KHI,21,4524,3658,0.8086
2024,2024-04,2024-04-01,402 KHI-LHE,21,4524,4070,0.8996
2024,2024-04,2024-04-01,405 LHE-KHI,25,5092,4328,0.85
2024,2024-04,2024-04-01,406 KHI-LHE,25,5092,4303,0.8451
2024,2024-04,2024-04-01,410 LHE-DXB,27,5740,4997,0.8706
2024,2024-04,2024-04-01,411 DXB-LHE,27,5740,5228,0.9108
2024,2024-04,2024-04-01,412 LHE-SHJ,13,2788,2474,0.8874
2024,2024-04,2024-04-01,413 SHJ-LHE,13,2788,2388,0.8565
2024,2024-04,2024-04-01,416 LHE-DXB,25,5468,4539,0.8301
2024,2024-04,2024-04-01,4166 LHE-LHE,1,220,0,0
2024,2024-04,2024-04-01,417 DXB-LHE,25,5468,4824,0.8822
2024,2024-04,2024-04-01,418 LHE-DXB,1,220,126,0.5727
2024,2024-04,2024-04-01,419 DXB-LHE,1,220,210,0.9545
2024,2024-04,2024-04-01,430 LHE-AUH,17,3692,3254,0.8814
2024,2024-04,2024-04-01,431 AUH-LHE,17,3692,3381,0.9158
2024,2024-04,2024-04-01,470 LHE-JED,26,4720,4461,0.9451
2024,2024-04,2024-04-01,471 JED-LHE,26,4720,4664,0.9881
2024,2024-04,2024-04-01,474 LHE-RUH,9,1812,1678,0.926
2024,2024-04,2024-04-01,475 RUH-LHE,9,1812,1746,0.9636
2024,2024-04,2024-04-01,806 MUX-KHI,2,354,337,0.952
2024,2024-04,2024-04-01,807 KHI-MUX,2,354,241,0.6808
2024,2024-04,2024-04-01,810 MUX-DXB,14,2563,2364,0.9224
2024,2024-04,2024-04-01,8100 MUX-MUX,1,180,0,0
2024,2024-04,2024-04-01,811 DXB-MUX,14,2557,2459,0.9617
2024,2024-04,2024-04-01,812 MUX-SHJ,13,2322,2199,0.947
2024,2024-04,2024-04-01,813 SHJ-MUX,13,2322,2242,0.9655
2024,2024-04,2024-04-01,870 MUX-JED,26,4644,4408,0.9492
2024,2024-04,2024-04-01,871 JED-MUX,26,4644,4630,0.997
2024,2024-04,2024-04-01,TOTALS,938,186288,163796,0.8793
2024,2024-05,2024-05-01,110 KHI-DXB,31,5544,5050,0.9109
2024,2024-05,2024-05-01,111 DXB-KHI,31,5538,4060,0.7331
2024,2024-05,2024-05-01,170 KHI-JED,5,900,779,0.8656
2024,2024-05,2024-05-01,171 JED-KHI,5,900,851,0.9456
2024,2024-05,2024-05-01,172 KHI-JED,3,534,511,0.9569
2024,2024-05,2024-05-01,173 JED-KHI,3,534,520,0.9738
2024,2024-05,2024-05-01,176 KHI-MED,8,1440,1429,0.9924
2024,2024-05,2024-05-01,177 MED-KHI,8,1440,542,0.3764
2024,2024-05,2024-05-01,178 KHI-MED,1,180,180,1
2024,2024-05,2024-05-01,179 MED-KHI,1,180,87,0.4833
2024,2024-05,2024-05-01,200 KHI-ISB,23,4255,3867,0.9088
2024,2024-05,2024-05-01,201 ISB-KHI,22,4081,3827,0.9378
2024,2024-05,2024-05-01,207 ISB-KHI,28,5097,4611,0.9046
2024,2024-05,2024-05-01,208 KHI-ISB,29,5283,4639,0.8781
2024,2024-05,2024-05-01,210 ISB-DXB,31,7075,6345,0.8968
2024,2024-05,2024-05-01,211 DXB-ISB,31,7075,5239,0.7405
2024,2024-05,2024-05-01,212 ISB-SHJ,13,2783,2603,0.9353
2024,2024-05,2024-05-01,213 SHJ-ISB,13,2783,1542,0.5541
2024,2024-05,2024-05-01,216 ISB-DXB,31,7170,6347,0.8852
2024,2024-05,2024-05-01,217 DXB-ISB,31,7170,5058,0.7054
2024,2024-05,2024-05-01,230 ISB-AUH,18,3799,3605,0.9489
2024,2024-05,2024-05-01,231 AUH-ISB,18,3799,3465,0.9121
2024,2024-05,2024-05-01,251 ISB-KDU,16,2880,2732,0.9486
2024,2024-05,2024-05-01,2511 ISB-ISB,1,180,0,0
2024,2024-05,2024-05-01,252 KDU-ISB,16,2880,2388,0.8292
2024,2024-05,2024-05-01,270 ISB-JED,5,980,866,0.8837
2024,2024-05,2024-05-01,2700 ISB-ISB,1,180,0,0
2024,2024-05,2024-05-01,271 JED-ISB,5,980,929,0.948
2024,2024-05,2024-05-01,272 ISB-JED,3,580,518,0.8931
2024,2024-05,2024-05-01,273 JED-ISB,3,580,533,0.919
2024,2024-05,2024-05-01,274 ISB-RUH,22,3948,3912,0.9909
2024,2024-05,2024-05-01,275 RUH-ISB,22,3948,3830,0.9701
2024,2024-05,2024-05-01,276 ISB-MED,8,1760,1592,0.9045
2024,2024-05,2024-05-01,277 MED-ISB,8,1760,804,0.4568
2024,2024-05,2024-05-01,278 ISB-MED,2,440,399,0.9068
2024,2024-05,2024-05-01,279 MED-ISB,2,440,188,0.4273
2024,2024-05,2024-05-01,401 LHE-KHI,25,4772,4376,0.917
2024,2024-05,2024-05-01,402 KHI-LHE,25,4772,4151,0.8699
2024,2024-05,2024-05-01,405 LHE-KHI,26,4944,4573,0.925
2024,2024-05,2024-05-01,406 KHI-LHE,26,4944,4501,0.9104
2024,2024-05,2024-05-01,410 LHE-DXB,30,6416,6093,0.9497
2024,2024-05,2024-05-01,411 DXB-LHE,30,6416,5369,0.8368
2024,2024-05,2024-05-01,412 LHE-SHJ,13,2508,2309,0.9207
2024,2024-05,2024-05-01,413 SHJ-LHE,13,2508,1953,0.7787
2024,2024-05,2024-05-01,416 LHE-DXB,31,6596,6248,0.9472
2024,2024-05,2024-05-01,417 DXB-LHE,31,6604,4581,0.6937
2024,2024-05,2024-05-01,418 LHE-DXB,1,220,220,1
2024,2024-05,2024-05-01,419 DXB-LHE,1,220,203,0.9227
2024,2024-05,2024-05-01,430 LHE-AUH,18,3672,3382,0.921
2024,2024-05,2024-05-01,431 AUH-LHE,18,3672,3125,0.851
2024,2024-05,2024-05-01,4311 ISB-LHE,1,180,0,0
2024,2024-05,2024-05-01,4311 LHE-ISB,1,180,0,0
2024,2024-05,2024-05-01,470 LHE-JED,4,720,691,0.9597
2024,2024-05,2024-05-01,471 JED-LHE,5,900,892,0.9911
2024,2024-05,2024-05-01,472 LHE-JED,3,540,527,0.9759
2024,2024-05,2024-05-01,473 JED-LHE,3,540,531,0.9833
2024,2024-05,2024-05-01,474 LHE-RUH,9,1700,1609,0.9465
2024,2024-05,2024-05-01,475 RUH-LHE,8,1520,1471,0.9678
2024,2024-05,2024-05-01,476 LHE-MED,8,1760,1516,0.8614
2024,2024-05,2024-05-01,477 MED-LHE,8,1760,710,0.4034
2024,2024-05,2024-05-01,478 LHE-MED,2,440,375,0.8523
2024,2024-05,2024-05-01,479 MED-LHE,2,440,222,0.5045
2024,2024-05,2024-05-01,806 MUX-KHI,4,720,515,0.7153
2024,2024-05,2024-05-01,807 KHI-MUX,4,720,393,0.5458
2024,2024-05,2024-05-01,810 MUX-DXB,18,3216,3091,0.9611
2024,2024-05,2024-05-01,811 DXB-MUX,18,3222,3135,0.973
2024,2024-05,2024-05-01,812 MUX-SHJ,13,2322,2170,0.9345
2024,2024-05,2024-05-01,813 SHJ-MUX,13,2322,2256,0.9716
2024,2024-05,2024-05-01,870 MUX-JED,5,870,831,0.9552
2024,2024-05,2024-05-01,871 JED-MUX,5,870,849,0.9759
2024,2024-05,2024-05-01,872 MUX-JED,3,528,519,0.983
2024,2024-05,2024-05-01,873 JED-MUX,3,528,519,0.983
2024,2024-05,2024-05-01,876 MUX-MED,9,1620,1610,0.9938
2024,2024-05,2024-05-01,877 MED-MUX,9,1620,1052,0.6494
2024,2024-05,2024-05-01,9002 SHJ-SHJ,1,220,0,0
2024,2024-05,2024-05-01,TOTALS,945,186818,160416,0.8587
2024,2024-06,2024-06-01,110 KHI-DXB,29,5728,5277,0.9213
2024,2024-06,2024-06-01,111 DXB-KHI,29,5688,5348,0.9402
2024,2024-06,2024-06-01,172 KHI-JED,10,2080,1505,0.7236
2024,2024-06,2024-06-01,173 JED-KHI,10,2080,1829,0.8793
2024,2024-06,2024-06-01,176 KHI-MED,1,220,87,0.3955
2024,2024-06,2024-06-01,177 MED-KHI,1,220,163,0.7409
2024,2024-06,2024-06-01,200 KHI-ISB,20,3772,3637,0.9642
2024,2024-06,2024-06-01,201 ISB-KHI,20,3858,3344,0.8668
2024,2024-06,2024-06-01,207 ISB-KHI,29,5593,4801,0.8584
2024,2024-06,2024-06-01,208 KHI-ISB,28,5459,5035,0.9223
2024,2024-06,2024-06-01,210 ISB-DXB,30,6682,4866,0.7282
2024,2024-06,2024-06-01,211 DXB-ISB,30,6682,6463,0.9672
2024,2024-06,2024-06-01,212 ISB-SHJ,13,2674,2353,0.88
2024,2024-06,2024-06-01,213 SHJ-ISB,13,2674,2633,0.9847
2024,2024-06,2024-06-01,216 ISB-DXB,29,6443,5405,0.8389
2024,2024-06,2024-06-01,217 DXB-ISB,29,6443,6131,0.9516
2024,2024-06,2024-06-01,218 ISB-DXB,1,220,195,0.8864
2024,2024-06,2024-06-01,219 DXB-ISB,1,220,219,0.9955
2024,2024-06,2024-06-01,230 ISB-AUH,16,3436,3152,0.9173
2024,2024-06,2024-06-01,231 AUH-ISB,16,3436,3369,0.9805
2024,2024-06,2024-06-01,232 ISB-AUH,1,220,180,0.8182
2024,2024-06,2024-06-01,233 AUH-ISB,1,220,220,1
2024,2024-06,2024-06-01,251 ISB-KDU,17,3060,2951,0.9644
2024,2024-06,2024-06-01,252 KDU-ISB,17,3060,2472,0.8078
2024,2024-06,2024-06-01,272 ISB-JED,16,3355,2737,0.8158
2024,2024-06,2024-06-01,273 JED-ISB,16,3355,2991,0.8915
2024,2024-06,2024-06-01,274 ISB-RUH,22,4080,3924,0.9618
2024,2024-06,2024-06-01,275 RUH-ISB,22,4080,3958,0.9701
2024,2024-06,2024-06-01,276 ISB-MED,3,540,490,0.9074
2024,2024-06,2024-06-01,277 MED-ISB,3,540,407,0.7537
2024,2024-06,2024-06-01,278 ISB-JED,2,440,365,0.8295
2024,2024-06,2024-06-01,279 JED-ISB,2,440,395,0.8977
2024,2024-06,2024-06-01,401 LHE-KHI,17,3186,2568,0.806
2024,2024-06,2024-06-01,402 KHI-LHE,16,3006,2528,0.841
2024,2024-06,2024-06-01,405 LHE-KHI,27,5040,4328,0.8587
2024,2024-06,2024-06-01,406 KHI-LHE,28,5174,4482,0.8663
2024,2024-06,2024-06-01,410 LHE-DXB,29,6126,5577,0.9104
2024,2024-06,2024-06-01,411 DXB-LHE,29,6126,5919,0.9662
2024,2024-06,2024-06-01,412 LHE-SHJ,11,2204,1933,0.877
2024,2024-06,2024-06-01,413 SHJ-LHE,11,2204,2058,0.9338
2024,2024-06,2024-06-01,416 LHE-DXB,30,6042,5256,0.8699
2024,2024-06,2024-06-01,417 DXB-LHE,30,6080,5955,0.9794
2024,2024-06,2024-06-01,430 LHE-AUH,16,3346,3065,0.916
2024,2024-06,2024-06-01,431 AUH-LHE,16,3346,3202,0.957
2024,2024-06,2024-06-01,470 LHE-JED,2,400,363,0.9075
2024,2024-06,2024-06-01,471 JED-LHE,2,400,356,0.89
2024,2024-06,2024-06-01,472 LHE-JED,13,2648,2197,0.8297
2024,2024-06,2024-06-01,473 JED-LHE,12,2428,2207,0.909
2024,2024-06,2024-06-01,474 LHE-RUH,8,1520,1428,0.9395
2024,2024-06,2024-06-01,475 RUH-LHE,9,1700,1621,0.9535
2024,2024-06,2024-06-01,476 LHE-MED,5,940,863,0.9181
2024,2024-06,2024-06-01,477 MED-LHE,5,940,637,0.6777
2024,2024-06,2024-06-01,478 LHE-MED,1,220,188,0.8545
2024,2024-06,2024-06-01,479 MED-LHE,1,220,147,0.6682
2024,2024-06,2024-06-01,806 MUX-KHI,2,400,249,0.6225
2024,2024-06,2024-06-01,807 KHI-MUX,2,400,347,0.8675
2024,2024-06,2024-06-01,810 MUX-DXB,17,3340,3184,0.9533
2024,2024-06,2024-06-01,811 DXB-MUX,17,3380,3323,0.9831
2024,2024-06,2024-06-01,812 MUX-SHJ,12,2360,2213,0.9377
2024,2024-06,2024-06-01,813 SHJ-MUX,12,2360,2305,0.9767
2024,2024-06,2024-06-01,872 MUX-JED,12,2440,1869,0.766
2024,2024-06,2024-06-01,873 JED-MUX,12,2440,2153,0.8824
2024,2024-06,2024-06-01,876 MUX-MED,3,580,388,0.669
2024,2024-06,2024-06-01,877 MED-MUX,3,580,443,0.7638
2024,2024-06,2024-06-01,TOTALS,887,178574,160254,0.8974
2024,2024-07,2024-07-01,110 KHI-DXB,31,5668,5579,0.9843
2024,2024-07,2024-07-01,111 DXB-KHI,31,5668,5154,0.9093
2024,2024-07,2024-07-01,170 KHI-JED,10,1770,1736,0.9808
2024,2024-07,2024-07-01,171 JED-KHI,10,1770,977,0.552
2024,2024-07,2024-07-01,172 KHI-JED,4,880,711,0.808
2024,2024-07,2024-07-01,173 JED-KHI,4,880,787,0.8943
2024,2024-07,2024-07-01,200 KHI-ISB,21,4172,3715,0.8905
2024,2024-07,2024-07-01,201 ISB-KHI,22,4352,4108,0.9439
2024,2024-07,2024-07-01,2011 ISB-ISB,1,220,0,0
2024,2024-07,2024-07-01,207 ISB-KHI,29,5812,5433,0.9348
2024,2024-07,2024-07-01,208 KHI-ISB,30,6040,5461,0.9041
2024,2024-07,2024-07-01,210 ISB-DXB,31,6823,6568,0.9626
2024,2024-07,2024-07-01,211 DXB-ISB,31,6823,5768,0.8454
2024,2024-07,2024-07-01,212 ISB-SHJ,13,2890,2802,0.9696
2024,2024-07,2024-07-01,213 SHJ-ISB,13,2890,1922,0.6651
2024,2024-07,2024-07-01,216 ISB-DXB,31,7093,6666,0.9398
2024,2024-07,2024-07-01,217 DXB-ISB,31,7093,5675,0.8001
2024,2024-07,2024-07-01,230 ISB-AUH,18,3965,3769,0.9506
2024,2024-07,2024-07-01,231 AUH-ISB,18,3965,3408,0.8595
2024,2024-07,2024-07-01,251 ISB-KDU,18,3240,3118,0.9623
2024,2024-07,2024-07-01,252 KDU-ISB,18,3240,3178,0.9809
2024,2024-07,2024-07-01,270 ISB-JED,10,2175,1996,0.9177
2024,2024-07,2024-07-01,2700 ISB-ISB,1,220,0,0
2024,2024-07,2024-07-01,271 JED-ISB,10,2175,777,0.3572
2024,2024-07,2024-07-01,272 ISB-JED,5,1175,980,0.834
2024,2024-07,2024-07-01,273 JED-ISB,5,1175,993,0.8451
2024,2024-07,2024-07-01,274 ISB-RUH,21,3995,3838,0.9607
2024,2024-07,2024-07-01,275 RUH-ISB,22,4175,3362,0.8053
2024,2024-07,2024-07-01,276 ISB-MED,1,220,196,0.8909
2024,2024-07,2024-07-01,277 MED-ISB,1,220,168,0.7636
2024,2024-07,2024-07-01,401 LHE-KHI,25,4976,4342,0.8726
2024,2024-07,2024-07-01,402 KHI-LHE,26,5242,4382,0.8359
2024,2024-07,2024-07-01,405 LHE-KHI,26,5266,4790,0.9096
2024,2024-07,2024-07-01,406 KHI-LHE,27,5438,4831,0.8884
2024,2024-07,2024-07-01,410 LHE-DXB,31,6684,6572,0.9832
2024,2024-07,2024-07-01,411 DXB-LHE,31,6684,5796,0.8671
2024,2024-07,2024-07-01,412 LHE-SHJ,15,3134,3013,0.9614
2024,2024-07,2024-07-01,413 SHJ-LHE,15,3134,2141,0.6832
2024,2024-07,2024-07-01,416 LHE-DXB,31,6526,6375,0.9769
2024,2024-07,2024-07-01,417 DXB-LHE,31,6480,5056,0.7802
2024,2024-07,2024-07-01,430 LHE-AUH,17,3486,3344,0.9593
2024,2024-07,2024-07-01,431 AUH-LHE,17,3486,2749,0.7886
2024,2024-07,2024-07-01,470 LHE-JED,11,2140,2052,0.9589
2024,2024-07,2024-07-01,471 JED-LHE,10,1960,1014,0.5173
2024,2024-07,2024-07-01,472 LHE-JED,4,880,792,0.9
2024,2024-07,2024-07-01,473 JED-LHE,5,1100,940,0.8545
2024,2024-07,2024-07-01,474 LHE-RUH,9,1740,1699,0.9764
2024,2024-07,2024-07-01,475 RUH-LHE,9,1740,1215,0.6983
2024,2024-07,2024-07-01,476 LHE-MED,1,220,193,0.8773
2024,2024-07,2024-07-01,477 MED-LHE,1,220,162,0.7364
2024,2024-07,2024-07-01,806 MUX-KHI,3,574,531,0.9251
2024,2024-07,2024-07-01,807 KHI-MUX,3,528,429,0.8125
2024,2024-07,2024-07-01,810 MUX-DXB,17,3092,3019,0.9764
2024,2024-07,2024-07-01,811 DXB-MUX,17,3092,2752,0.89
2024,2024-07,2024-07-01,812 MUX-SHJ,14,2558,2438,0.9531
2024,2024-07,2024-07-01,813 SHJ-MUX,14,2558,1929,0.7541
2024,2024-07,2024-07-01,870 MUX-JED,10,1770,1736,0.9808
2024,2024-07,2024-07-01,871 JED-MUX,10,1770,652,0.3684
2024,2024-07,2024-07-01,872 MUX-JED,4,880,753,0.8557
2024,2024-07,2024-07-01,873 JED-MUX,4,880,798,0.9068
2024,2024-07,2024-07-01,876 MUX-MED,1,174,171,0.9828
2024,2024-07,2024-07-01,877 MED-MUX,1,174,160,0.9195
2024,2024-07,2024-07-01,TOTALS,931,189370,165671,0.8749
2024,2024-08,2024-08-01,110 KHI-DXB,31,6192,5682,0.9176
2024,2024-08,2024-08-01,111 DXB-KHI,30,6006,3548,0.5907
2024,2024-08,2024-08-01,113 DXB-KHI,1,180,157,0.8722
2024,2024-08,2024-08-01,170 KHI-JED,31,6138,5373,0.8754
2024,2024-08,2024-08-01,171 JED-KHI,31,6138,4319,0.7036
2024,2024-08,2024-08-01,200 KHI-ISB,22,4434,3914,0.8827
2024,2024-08,2024-08-01,201 ISB-KHI,22,4440,4248,0.9568
2024,2024-08,2024-08-01,207 ISB-KHI,31,5894,5453,0.9252
2024,2024-08,2024-08-01,208 KHI-ISB,30,5680,5125,0.9023
2024,2024-08,2024-08-01,210 ISB-DXB,31,7070,6721,0.9506
2024,2024-08,2024-08-01,211 DXB-ISB,31,7070,4732,0.6693
2024,2024-08,2024-08-01,212 ISB-SHJ,13,2820,2723,0.9656
2024,2024-08,2024-08-01,213 SHJ-ISB,13,2820,1137,0.4032
2024,2024-08,2024-08-01,216 ISB-DXB,31,7230,6916,0.9566
2024,2024-08,2024-08-01,217 DXB-ISB,31,7230,4746,0.6564
2024,2024-08,2024-08-01,230 ISB-AUH,18,3960,3894,0.9833
2024,2024-08,2024-08-01,231 AUH-ISB,18,3960,2957,0.7467
2024,2024-08,2024-08-01,251 ISB-KDU,17,3060,2562,0.8373
2024,2024-08,2024-08-01,252 KDU-ISB,17,3060,3021,0.9873
2024,2024-08,2024-08-01,270 ISB-JED,31,6500,5600,0.8615
2024,2024-08,2024-08-01,271 JED-ISB,31,6500,4349,0.6691
2024,2024-08,2024-08-01,274 ISB-RUH,23,4300,4139,0.9626
2024,2024-08,2024-08-01,275 RUH-ISB,22,4120,3365,0.8167
2024,2024-08,2024-08-01,401 LHE-KHI,25,5310,4859,0.9151
2024,2024-08,2024-08-01,402 KHI-LHE,24,5026,4592,0.9136
2024,2024-08,2024-08-01,405 LHE-KHI,26,5042,4687,0.9296
2024,2024-08,2024-08-01,406 KHI-LHE,27,5288,4748,0.8979
2024,2024-08,2024-08-01,410 LHE-DXB,31,6702,6500,0.9699
2024,2024-08,2024-08-01,411 DXB-LHE,31,6702,5514,0.8227
2024,2024-08,2024-08-01,412 LHE-SHJ,18,3662,3361,0.9178
2024,2024-08,2024-08-01,413 SHJ-LHE,18,3662,1941,0.53
2024,2024-08,2024-08-01,416 LHE-DXB,31,6512,6310,0.969
2024,2024-08,2024-08-01,417 DXB-LHE,31,6512,4283,0.6577
2024,2024-08,2024-08-01,430 LHE-AUH,18,3678,3515,0.9557
2024,2024-08,2024-08-01,431 AUH-LHE,18,3678,2699,0.7338
2024,2024-08,2024-08-01,470 LHE-JED,31,5936,5443,0.9169
2024,2024-08,2024-08-01,471 JED-LHE,31,5936,4764,0.8026
2024,2024-08,2024-08-01,474 LHE-RUH,9,1900,1721,0.9058
2024,2024-08,2024-08-01,475 RUH-LHE,9,1900,1433,0.7542
2024,2024-08,2024-08-01,810 MUX-DXB,16,2856,2740,0.9594
2024,2024-08,2024-08-01,811 DXB-MUX,16,2862,2178,0.761
2024,2024-08,2024-08-01,812 MUX-SHJ,13,2328,2211,0.9497
2024,2024-08,2024-08-01,813 SHJ-MUX,13,2328,1284,0.5515
2024,2024-08,2024-08-01,870 MUX-JED,31,5538,5257,0.9493
2024,2024-08,2024-08-01,871 JED-MUX,30,5358,3916,0.7309
2024,2024-08,2024-08-01,873 JED-MUX,1,180,136,0.7556
2024,2024-08,2024-08-01,TOTALS,1054,213698,178773,0.8366
2024,2024-09,2024-09-01,110 KHI-DXB,26,4864,3828,0.787
2024,2024-09,2024-09-01,111 DXB-KHI,26,4864,2999,0.6166
2024,2024-09,2024-09-01,170 KHI-JED,30,5600,5227,0.9334
2024,2024-09,2024-09-01,171 JED-KHI,30,5600,4249,0.7588
2024,2024-09,2024-09-01,200 KHI-ISB,22,4480,4232,0.9446
2024,2024-09,2024-09-01,201 ISB-KHI,21,4300,4023,0.9356
2024,2024-09,2024-09-01,207 ISB-KHI,29,6020,5489,0.9118
2024,2024-09,2024-09-01,208 KHI-ISB,30,6240,5432,0.8705
2024,2024-09,2024-09-01,210 ISB-DXB,26,5900,5367,0.9097
2024,2024-09,2024-09-01,211 DXB-ISB,26,5900,4541,0.7697
2024,2024-09,2024-09-01,212 ISB-SHJ,13,2875,2603,0.9054
2024,2024-09,2024-09-01,213 SHJ-ISB,13,2875,1344,0.4675
2024,2024-09,2024-09-01,216 ISB-DXB,30,7005,6434,0.9185
2024,2024-09,2024-09-01,217 DXB-ISB,30,7005,5015,0.7159
2024,2024-09,2024-09-01,230 ISB-AUH,17,3675,3337,0.908
2024,2024-09,2024-09-01,231 AUH-ISB,17,3675,2804,0.763
2024,2024-09,2024-09-01,251 ISB-KDU,17,3060,2805,0.9167
2024,2024-09,2024-09-01,252 KDU-ISB,17,3060,2931,0.9578
2024,2024-09,2024-09-01,270 ISB-JED,30,6255,5143,0.8222
2024,2024-09,2024-09-01,271 JED-ISB,30,6255,3922,0.627
2024,2024-09,2024-09-01,274 ISB-RUH,21,3780,3644,0.964
2024,2024-09,2024-09-01,275 RUH-ISB,22,3960,3710,0.9369
2024,2024-09,2024-09-01,401 LHE-KHI,24,4902,4586,0.9355
2024,2024-09,2024-09-01,402 KHI-LHE,22,4502,4295,0.954
2024,2024-09,2024-09-01,405 LHE-KHI,23,4510,4225,0.9368
2024,2024-09,2024-09-01,406 KHI-LHE,25,4942,4614,0.9336
2024,2024-09,2024-09-01,410 LHE-DXB,30,6552,5822,0.8886
2024,2024-09,2024-09-01,411 DXB-LHE,30,6552,5257,0.8024
2024,2024-09,2024-09-01,412 LHE-SHJ,15,3212,2407,0.7494
2024,2024-09,2024-09-01,413 SHJ-LHE,15,3212,1796,0.5592
2024,2024-09,2024-09-01,416 LHE-DXB,26,5680,4898,0.8623
2024,2024-09,2024-09-01,417 DXB-LHE,26,5680,4010,0.706
2024,2024-09,2024-09-01,430 LHE-AUH,18,3594,2989,0.8317
2024,2024-09,2024-09-01,431 AUH-LHE,18,3594,2843,0.791
2024,2024-09,2024-09-01,470 LHE-JED,30,5226,5029,0.9623
2024,2024-09,2024-09-01,471 JED-LHE,30,5232,4216,0.8058
2024,2024-09,2024-09-01,474 LHE-RUH,9,1820,1560,0.8571
2024,2024-09,2024-09-01,475 RUH-LHE,8,1600,1394,0.8713
2024,2024-09,2024-09-01,810 MUX-DXB,17,3060,2870,0.9379
2024,2024-09,2024-09-01,811 DXB-MUX,17,3060,2551,0.8337
2024,2024-09,2024-09-01,812 MUX-SHJ,11,1980,1873,0.946
2024,2024-09,2024-09-01,813 SHJ-MUX,11,1980,1101,0.5561
2024,2024-09,2024-09-01,870 MUX-JED,30,5400,5124,0.9489
2024,2024-09,2024-09-01,871 JED-MUX,30,5400,4659,0.8628
2024,2024-09,2024-09-01,TOTALS,988,198938,167198,0.8405
2024,2024-10,2024-10-01,110 KHI-DXB,22,3954,3453,0.8733
2024,2024-10,2024-10-01,111 DXB-KHI,22,3954,3355,0.8485
2024,2024-10,2024-10-01,170 KHI-JED,31,5574,5372,0.9638
2024,2024-10,2024-10-01,171 JED-KHI,31,5574,5437,0.9754
2024,2024-10,2024-10-01,200 KHI-ISB,21,4300,3974,0.9242
2024,2024-10,2024-10-01,201 ISB-KHI,22,4575,4180,0.9137
2024,2024-10,2024-10-01,207 ISB-KHI,31,5980,5270,0.8813
2024,2024-10,2024-10-01,208 KHI-ISB,31,6035,5491,0.9099
2024,2024-10,2024-10-01,210 ISB-DXB,23,5105,4294,0.8411
2024,2024-10,2024-10-01,211 DXB-ISB,23,5105,4944,0.9685
2024,2024-10,2024-10-01,212 ISB-SHJ,13,2700,2180,0.8074
2024,2024-10,2024-10-01,213 SHJ-ISB,13,2700,2468,0.9141
2024,2024-10,2024-10-01,216 ISB-DXB,24,5370,4736,0.8819
2024,2024-10,2024-10-01,217 DXB-ISB,24,5370,4927,0.9175
2024,2024-10,2024-10-01,230 ISB-AUH,18,3840,3285,0.8555
2024,2024-10,2024-10-01,231 AUH-ISB,18,3840,3567,0.9289
2024,2024-10,2024-10-01,251 ISB-KDU,16,2880,2655,0.9219
2024,2024-10,2024-10-01,2511 ISB-ISB,1,180,0,0
2024,2024-10,2024-10-01,252 KDU-ISB,16,2880,2666,0.9257
2024,2024-10,2024-10-01,270 ISB-JED,31,5580,5384,0.9649
2024,2024-10,2024-10-01,271 JED-ISB,31,5580,5434,0.9738
2024,2024-10,2024-10-01,274 ISB-RUH,22,3960,3857,0.974
2024,2024-10,2024-10-01,275 RUH-ISB,21,3780,3720,0.9841
2024,2024-10,2024-10-01,401 LHE-KHI,28,6144,5649,0.9194
2024,2024-10,2024-10-01,402 KHI-LHE,28,6104,5860,0.96
2024,2024-10,2024-10-01,405 LHE-KHI,28,5956,5433,0.9122
2024,2024-10,2024-10-01,406 KHI-LHE,28,5996,5601,0.9341
2024,2024-10,2024-10-01,410 LHE-DXB,26,5610,4969,0.8857
2024,2024-10,2024-10-01,411 DXB-LHE,26,5616,5264,0.9373
2024,2024-10,2024-10-01,412 LHE-SHJ,11,2388,1822,0.763
2024,2024-10,2024-10-01,413 SHJ-LHE,11,2388,2022,0.8467
2024,2024-10,2024-10-01,416 LHE-DXB,24,5208,4623,0.8877
2024,2024-10,2024-10-01,417 DXB-LHE,24,5208,4960,0.9524
2024,2024-10,2024-10-01,430 LHE-AUH,14,3024,2343,0.7748
2024,2024-10,2024-10-01,431 AUH-LHE,13,2812,2442,0.8684
2024,2024-10,2024-10-01,470 LHE-JED,31,5628,5232,0.9296
2024,2024-10,2024-10-01,471 JED-LHE,31,5622,5360,0.9534
2024,2024-10,2024-10-01,474 LHE-RUH,9,1972,1537,0.7794
2024,2024-10,2024-10-01,475 RUH-LHE,10,2192,1960,0.8942
2024,2024-10,2024-10-01,810 MUX-DXB,18,3240,2996,0.9247
2024,2024-10,2024-10-01,811 DXB-MUX,18,3234,3171,0.9805
2024,2024-10,2024-10-01,812 MUX-SHJ,10,1800,1680,0.9333
2024,2024-10,2024-10-01,813 SHJ-MUX,10,1800,1757,0.9761
2024,2024-10,2024-10-01,870 MUX-JED,31,5574,5230,0.9383
2024,2024-10,2024-10-01,871 JED-MUX,30,5400,5325,0.9861
2024,2024-10,2024-10-01,TOTALS,964,191732,175885,0.9173
2024,2024-11,2024-11-01,110 KHI-DXB,29,5196,4445,0.8555
2024,2024-11,2024-11-01,111 DXB-KHI,29,5196,4568,0.8791
2024,2024-11,2024-11-01,170 KHI-JED,30,5408,5262,0.973
2024,2024-11,2024-11-01,1700 KHI-KHI,1,180,0,0
2024,2024-11,2024-11-01,171 JED-KHI,30,5408,5314,0.9826
2024,2024-11,2024-11-01,200 KHI-ISB,21,3968,3674,0.9259
2024,2024-11,2024-11-01,201 ISB-KHI,22,4194,4017,0.9578
2024,2024-11,2024-11-01,207 ISB-KHI,23,4804,4552,0.9475
2024,2024-11,2024-11-01,208 KHI-ISB,23,4850,4252,0.8767
2024,2024-11,2024-11-01,210 ISB-DXB,29,6440,5884,0.9137
2024,2024-11,2024-11-01,211 DXB-ISB,29,6440,5987,0.9297
2024,2024-11,2024-11-01,212 ISB-SHJ,9,1860,1676,0.9011
2024,2024-11,2024-11-01,213 SHJ-ISB,9,1860,1677,0.9016
2024,2024-11,2024-11-01,216 ISB-DXB,22,4800,4560,0.95
2024,2024-11,2024-11-01,217 DXB-ISB,22,4800,4424,0.9217
2024,2024-11,2024-11-01,230 ISB-AUH,17,3740,3286,0.8786
2024,2024-11,2024-11-01,231 AUH-ISB,17,3740,3344,0.8941
2024,2024-11,2024-11-01,251 ISB-KDU,8,1440,947,0.6576
2024,2024-11,2024-11-01,252 KDU-ISB,8,1440,1408,0.9778
2024,2024-11,2024-11-01,270 ISB-JED,30,5480,5261,0.96
2024,2024-11,2024-11-01,271 JED-ISB,30,5480,5291,0.9655
2024,2024-11,2024-11-01,274 ISB-RUH,21,3860,3599,0.9324
2024,2024-11,2024-11-01,275 RUH-ISB,21,3820,3635,0.9516
2024,2024-11,2024-11-01,401 LHE-KHI,22,4762,4467,0.9381
2024,2024-11,2024-11-01,402 KHI-LHE,22,4768,4483,0.9402
2024,2024-11,2024-11-01,405 LHE-KHI,26,5472,5027,0.9187
2024,2024-11,2024-11-01,406 KHI-LHE,26,5426,4996,0.9208
2024,2024-11,2024-11-01,410 LHE-DXB,30,6416,5929,0.9241
2024,2024-11,2024-11-01,411 DXB-LHE,30,6410,6083,0.949
2024,2024-11,2024-11-01,412 LHE-SHJ,10,2136,1822,0.853
2024,2024-11,2024-11-01,413 SHJ-LHE,10,2136,1885,0.8825
2024,2024-11,2024-11-01,416 LHE-DXB,27,5828,5413,0.9288
2024,2024-11,2024-11-01,417 DXB-LHE,27,5836,5641,0.9666
2024,2024-11,2024-11-01,430 LHE-AUH,13,2756,2446,0.8875
2024,2024-11,2024-11-01,431 AUH-LHE,13,2788,2545,0.9128
2024,2024-11,2024-11-01,432 LHE-AUH,2,392,313,0.7985
2024,2024-11,2024-11-01,433 AUH-LHE,2,392,390,0.9949
2024,2024-11,2024-11-01,470 LHE-JED,30,5798,5097,0.8791
2024,2024-11,2024-11-01,471 JED-LHE,30,5758,5239,0.9099
2024,2024-11,2024-11-01,474 LHE-RUH,8,1744,1376,0.789
2024,2024-11,2024-11-01,475 RUH-LHE,8,1744,1569,0.8997
2024,2024-11,2024-11-01,810 MUX-DXB,17,3076,2839,0.923
2024,2024-11,2024-11-01,811 DXB-MUX,17,3082,2980,0.9669
2024,2024-11,2024-11-01,812 MUX-SHJ,12,2142,1990,0.929
2024,2024-11,2024-11-01,813 SHJ-MUX,12,2142,2107,0.9837
2024,2024-11,2024-11-01,870 MUX-JED,30,5364,5259,0.9804
2024,2024-11,2024-11-01,871 JED-MUX,30,5358,5250,0.9798
2024,2024-11,2024-11-01,TOTALS,934,186130,172209,0.9252
2024,2024-12,2024-12-01,110 KHI-DXB,31,6252,5568,0.8906
2024,2024-12,2024-12-01,111 DXB-KHI,31,6252,5889,0.9419
2024,2024-12,2024-12-01,170 KHI-JED,31,6220,5957,0.9577
2024,2024-12,2024-12-01,171 JED-KHI,31,6220,5820,0.9357
2024,2024-12,2024-12-01,200 KHI-ISB,29,6180,5984,0.9683
2024,2024-12,2024-12-01,201 ISB-KHI,29,6220,5917,0.9513
2024,2024-12,2024-12-01,204 KHI-ISB,1,235,172,0.7319
2024,2024-12,2024-12-01,207 ISB-KHI,31,6130,5774,0.9419
2024,2024-12,2024-12-01,208 KHI-ISB,31,6170,5695,0.923
2024,2024-12,2024-12-01,210 ISB-DXB,31,6815,6167,0.9049
2024,2024-12,2024-12-01,211 DXB-ISB,31,6815,6287,0.9225
2024,2024-12,2024-12-01,212 ISB-SHJ,13,2620,2187,0.8347
2024,2024-12,2024-12-01,213 SHJ-ISB,13,2620,2348,0.8962
2024,2024-12,2024-12-01,216 ISB-DXB,22,4800,4170,0.8688
2024,2024-12,2024-12-01,217 DXB-ISB,22,4800,4312,0.8983
2024,2024-12,2024-12-01,230 ISB-AUH,21,4540,3613,0.7958
2024,2024-12,2024-12-01,231 AUH-ISB,21,4540,3648,0.8035
2024,2024-12,2024-12-01,270 ISB-JED,31,5580,5336,0.9563
2024,2024-12,2024-12-01,271 JED-ISB,31,5580,5523,0.9898
2024,2024-12,2024-12-01,274 ISB-RUH,20,4360,3234,0.7417
2024,2024-12,2024-12-01,2744 ISB-ISB,1,180,0,0
2024,2024-12,2024-12-01,275 RUH-ISB,20,4360,3577,0.8204
2024,2024-12,2024-12-01,278 ISB-RUH,2,440,301,0.6841
2024,2024-12,2024-12-01,279 RUH-ISB,2,440,362,0.8227
2024,2024-12,2024-12-01,401 LHE-KHI,27,5646,5388,0.9543
2024,2024-12,2024-12-01,402 KHI-LHE,28,5874,5414,0.9217
2024,2024-12,2024-12-01,405 LHE-KHI,31,6454,5959,0.9233
2024,2024-12,2024-12-01,406 KHI-LHE,31,6414,5781,0.9013
2024,2024-12,2024-12-01,410 LHE-DXB,31,5928,5398,0.9106
2024,2024-12,2024-12-01,411 DXB-LHE,31,5928,5619,0.9479
2024,2024-12,2024-12-01,412 LHE-SHJ,17,3470,2867,0.8262
2024,2024-12,2024-12-01,413 SHJ-LHE,16,3290,2985,0.9073
2024,2024-12,2024-12-01,416 LHE-DXB,31,6196,5655,0.9127
2024,2024-12,2024-12-01,417 DXB-LHE,31,6188,5897,0.953
2024,2024-12,2024-12-01,430 LHE-AUH,13,2628,2247,0.855
2024,2024-12,2024-12-01,431 AUH-LHE,14,2808,2449,0.8722
2024,2024-12,2024-12-01,432 LHE-AUH,4,754,615,0.8156
2024,2024-12,2024-12-01,433 AUH-LHE,4,754,695,0.9218
2024,2024-12,2024-12-01,470 LHE-JED,31,5524,5234,0.9475
2024,2024-12,2024-12-01,471 JED-LHE,31,5570,5446,0.9777
2024,2024-12,2024-12-01,474 LHE-RUH,9,1772,1475,0.8324
2024,2024-12,2024-12-01,475 RUH-LHE,9,1772,1632,0.921
2024,2024-12,2024-12-01,810 MUX-DXB,18,3240,2985,0.9213
2024,2024-12,2024-12-01,811 DXB-MUX,18,3240,3176,0.9802
2024,2024-12,2024-12-01,812 MUX-SHJ,12,2160,1920,0.8889
2024,2024-12,2024-12-01,813 SHJ-MUX,12,2160,2056,0.9519
2024,2024-12,2024-12-01,870 MUX-JED,30,5400,5335,0.988
2024,2024-12,2024-12-01,871 JED-MUX,31,5580,5518,0.9889
2024,2024-12,2024-12-01,TOTALS,1036,207119,189587,0.9154
2025,2025-01,2025-01-01,110 KHI-DXB,31,6651,6465,0.972
2025,2025-01,2025-01-01,1100 KHI-KHI,1,212,0,0
2025,2025-01,2025-01-01,111 DXB-KHI,31,6651,4392,0.6604
2025,2025-01,2025-01-01,170 KHI-JED,31,6628,6466,0.9756
2025,2025-01,2025-01-01,171 JED-KHI,31,6628,6028,0.9095
2025,2025-01,2025-01-01,200 KHI-ISB,16,3495,3321,0.9502
2025,2025-01,2025-01-01,201 ISB-KHI,16,3480,3268,0.9391
2025,2025-01,2025-01-01,207 ISB-KHI,27,5457,5021,0.9201
2025,2025-01,2025-01-01,208 KHI-ISB,27,5457,4946,0.9064
2025,2025-01,2025-01-01,210 ISB-DXB,31,6865,5976,0.8705
2025,2025-01,2025-01-01,2100 ISB-DXB,1,235,0,0
2025,2025-01,2025-01-01,211 DXB-ISB,31,6865,5542,0.8073
2025,2025-01,2025-01-01,212 ISB-SHJ,12,2480,2214,0.8927
2025,2025-01,2025-01-01,213 SHJ-ISB,12,2480,1852,0.7468
2025,2025-01,2025-01-01,216 ISB-DXB,22,4800,4142,0.8629
2025,2025-01,2025-01-01,217 DXB-ISB,22,4800,3952,0.8233
2025,2025-01,2025-01-01,230 ISB-AUH,22,4840,4109,0.849
2025,2025-01,2025-01-01,231 AUH-ISB,22,4840,3984,0.8231
2025,2025-01,2025-01-01,270 ISB-JED,31,5620,5333,0.9489
2025,2025-01,2025-01-01,271 JED-ISB,31,5620,5495,0.9778
2025,2025-01,2025-01-01,274 ISB-RUH,20,4200,3616,0.861
2025,2025-01,2025-01-01,275 RUH-ISB,21,4420,3997,0.9043
2025,2025-01,2025-01-01,278 ISB-RUH,2,400,365,0.9125
2025,2025-01,2025-01-01,279 RUH-ISB,2,400,386,0.965
2025,2025-01,2025-01-01,401 LHE-KHI,25,4716,4369,0.9264
2025,2025-01,2025-01-01,402 KHI-LHE,25,4708,4365,0.9271
2025,2025-01,2025-01-01,405 LHE-KHI,28,5150,4825,0.9369
2025,2025-01,2025-01-01,406 KHI-LHE,27,4978,4587,0.9215
2025,2025-01,2025-01-01,410 LHE-DXB,30,6004,5791,0.9645
2025,2025-01,2025-01-01,411 DXB-LHE,30,6004,5482,0.9131
2025,2025-01,2025-01-01,412 LHE-SHJ,11,2048,1970,0.9619
2025,2025-01,2025-01-01,413 SHJ-LHE,11,2054,1820,0.8861
2025,2025-01,2025-01-01,416 LHE-DXB,30,6552,6168,0.9414
2025,2025-01,2025-01-01,417 DXB-LHE,30,6552,6018,0.9185
2025,2025-01,2025-01-01,418 LHE-DXB,2,440,416,0.9455
2025,2025-01,2025-01-01,419 DXB-LHE,2,440,380,0.8636
2025,2025-01,2025-01-01,430 LHE-AUH,13,2328,2236,0.9605
2025,2025-01,2025-01-01,431 AUH-LHE,13,2328,2247,0.9652
2025,2025-01,2025-01-01,432 LHE-AUH,1,180,173,0.9611
2025,2025-01,2025-01-01,433 AUH-LHE,1,180,154,0.8556
2025,2025-01,2025-01-01,470 LHE-JED,31,5424,5066,0.934
2025,2025-01,2025-01-01,471 JED-LHE,31,5418,5329,0.9836
2025,2025-01,2025-01-01,474 LHE-RUH,9,1614,1569,0.9721
2025,2025-01,2025-01-01,475 RUH-LHE,9,1614,1523,0.9436
2025,2025-01,2025-01-01,810 MUX-DXB,18,3240,3074,0.9488
2025,2025-01,2025-01-01,811 DXB-MUX,18,3240,3131,0.9664
2025,2025-01,2025-01-01,812 MUX-SHJ,13,2340,2197,0.9389
2025,2025-01,2025-01-01,813 SHJ-MUX,13,2340,2202,0.941
2025,2025-01,2025-01-01,870 MUX-JED,28,5034,4962,0.9857
2025,2025-01,2025-01-01,871 JED-MUX,27,4854,4716,0.9716
2025,2025-01,2025-01-01,TOTALS,969,193304,175640,0.9086
2025,2025-02,2025-02-01,110 KHI-DXB,28,5944,5858,0.9855
2025,2025-02,2025-02-01,111 DXB-KHI,28,5944,3674,0.6181
2025,2025-02,2025-02-01,170 KHI-JED,28,5944,5691,0.9574
2025,2025-02,2025-02-01,171 JED-KHI,28,5944,5488,0.9233
2025,2025-02,2025-02-01,200 KHI-ISB,27,5820,5680,0.9759
2025,2025-02,2025-02-01,201 ISB-KHI,26,5640,5299,0.9395
2025,2025-02,2025-02-01,207 ISB-KHI,28,5850,5345,0.9137
2025,2025-02,2025-02-01,208 KHI-ISB,26,5450,5178,0.9501
2025,2025-02,2025-02-01,210 ISB-DXB,28,6580,6080,0.924
2025,2025-02,2025-02-01,211 DXB-ISB,28,6580,5457,0.8293
2025,2025-02,2025-02-01,212 ISB-SHJ,12,2280,2115,0.9276
2025,2025-02,2025-02-01,213 SHJ-ISB,12,2280,1849,0.811
2025,2025-02,2025-02-01,216 ISB-DXB,20,4555,4183,0.9183
2025,2025-02,2025-02-01,217 DXB-ISB,20,4555,3834,0.8417
2025,2025-02,2025-02-01,230 ISB-AUH,19,4140,3455,0.8345
2025,2025-02,2025-02-01,231 AUH-ISB,19,4140,3404,0.8222
2025,2025-02,2025-02-01,232 ISB-AUH,1,220,200,0.9091
2025,2025-02,2025-02-01,233 AUH-ISB,1,220,174,0.7909
2025,2025-02,2025-02-01,270 ISB-JED,28,5040,4589,0.9105
2025,2025-02,2025-02-01,271 JED-ISB,28,5040,5022,0.9964
2025,2025-02,2025-02-01,274 ISB-RUH,20,4320,3604,0.8343
2025,2025-02,2025-02-01,275 RUH-ISB,20,4320,3995,0.9248
2025,2025-02,2025-02-01,401 LHE-KHI,28,5372,5084,0.9464
2025,2025-02,2025-02-01,402 KHI-LHE,27,5246,4977,0.9487
2025,2025-02,2025-02-01,405 LHE-KHI,24,4462,4248,0.952
2025,2025-02,2025-02-01,406 KHI-LHE,25,4628,4304,0.93
2025,2025-02,2025-02-01,410 LHE-DXB,28,6000,5830,0.9717
2025,2025-02,2025-02-01,411 DXB-LHE,28,6000,5135,0.8558
2025,2025-02,2025-02-01,412 LHE-SHJ,16,3072,2808,0.9141
2025,2025-02,2025-02-01,413 SHJ-LHE,16,3026,2378,0.7859
2025,2025-02,2025-02-01,416 LHE-DXB,28,6114,5999,0.9812
2025,2025-02,2025-02-01,417 DXB-LHE,28,6114,5372,0.8786
2025,2025-02,2025-02-01,430 LHE-AUH,12,2240,2069,0.9237
2025,2025-02,2025-02-01,431 AUH-LHE,12,2240,1930,0.8616
2025,2025-02,2025-02-01,432 LHE-AUH,4,720,668,0.9278
2025,2025-02,2025-02-01,433 AUH-LHE,4,720,583,0.8097
2025,2025-02,2025-02-01,470 LHE-JED,28,4950,4590,0.9273
2025,2025-02,2025-02-01,471 JED-LHE,28,4950,4844,0.9786
2025,2025-02,2025-02-01,474 LHE-RUH,8,1434,1370,0.9554
2025,2025-02,2025-02-01,475 RUH-LHE,8,1434,1335,0.931
2025,2025-02,2025-02-01,810 MUX-DXB,16,2935,2835,0.9659
2025,2025-02,2025-02-01,811 DXB-MUX,16,2935,2696,0.9186
2025,2025-02,2025-02-01,812 MUX-SHJ,12,2160,2137,0.9894
2025,2025-02,2025-02-01,813 SHJ-MUX,12,2160,2026,0.938
2025,2025-02,2025-02-01,870 MUX-JED,28,5040,4835,0.9593
2025,2025-02,2025-02-01,871 JED-MUX,28,5040,4949,0.9819
2025,2025-02,2025-02-01,TOTALS,939,189798,173176,0.9124
2025,2025-03,2025-03-01,110 KHI-DXB,23,4800,2487,0.5181
2025,2025-03,2025-03-01,111 DXB-KHI,23,4800,3464,0.7217
2025,2025-03,2025-03-01,170 KHI-JED,31,6458,5722,0.886
2025,2025-03,2025-03-01,171 JED-KHI,31,6458,6025,0.933
2025,2025-03,2025-03-01,200 KHI-ISB,19,4145,3847,0.9281
2025,2025-03,2025-03-01,201 ISB-KHI,21,4545,3431,0.7549
2025,2025-03,2025-03-01,207 ISB-KHI,3,660,355,0.5379
2025,2025-03,2025-03-01,208 KHI-ISB,5,1060,898,0.8472
2025,2025-03,2025-03-01,210 ISB-DXB,27,6240,3660,0.5865
2025,2025-03,2025-03-01,211 DXB-ISB,27,6240,5521,0.8848
2025,2025-03,2025-03-01,212 ISB-SHJ,8,1685,681,0.4042
2025,2025-03,2025-03-01,213 SHJ-ISB,8,1685,1426,0.8463
2025,2025-03,2025-03-01,216 ISB-DXB,20,4505,3174,0.7046
2025,2025-03,2025-03-01,217 DXB-ISB,20,4505,3956,0.8781
2025,2025-03,2025-03-01,230 ISB-AUH,15,3242,1629,0.5025
2025,2025-03,2025-03-01,231 AUH-ISB,15,3242,2744,0.8464
2025,2025-03,2025-03-01,270 ISB-JED,25,4660,3897,0.8363
2025,2025-03,2025-03-01,271 JED-ISB,24,4480,4234,0.9451
2025,2025-03,2025-03-01,272 ISB-JED,7,1395,1104,0.7914
2025,2025-03,2025-03-01,273 JED-ISB,7,1395,1203,0.8624
2025,2025-03,2025-03-01,274 ISB-RUH,21,4395,3562,0.8105
2025,2025-03,2025-03-01,275 RUH-ISB,21,4395,4111,0.9354
2025,2025-03,2025-03-01,278 ISB-RUH,1,180,151,0.8389
2025,2025-03,2025-03-01,279 RUH-ISB,1,180,178,0.9889
2025,2025-03,2025-03-01,401 LHE-KHI,6,1140,732,0.6421
2025,2025-03,2025-03-01,402 KHI-LHE,6,1140,933,0.8184
2025,2025-03,2025-03-01,405 LHE-KHI,29,5550,4415,0.7955
2025,2025-03,2025-03-01,406 KHI-LHE,29,5504,4660,0.8467
2025,2025-03,2025-03-01,410 LHE-DXB,27,5654,4098,0.7248
2025,2025-03,2025-03-01,411 DXB-LHE,27,5654,4923,0.8707
2025,2025-03,2025-03-01,412 LHE-SHJ,12,2280,1444,0.6333
2025,2025-03,2025-03-01,413 SHJ-LHE,13,2500,1983,0.7932
2025,2025-03,2025-03-01,414 LHE-DXB,1,220,138,0.6273
2025,2025-03,2025-03-01,415 DXB-LHE,1,220,217,0.9864
2025,2025-03,2025-03-01,416 LHE-DXB,25,5454,3524,0.6461
2025,2025-03,2025-03-01,417 DXB-LHE,25,5454,4774,0.8753
2025,2025-03,2025-03-01,418 LHE-DXB,2,440,218,0.4955
2025,2025-03,2025-03-01,419 DXB-LHE,2,440,434,0.9864
2025,2025-03,2025-03-01,430 LHE-AUH,12,2274,1494,0.657
2025,2025-03,2025-03-01,431 AUH-LHE,12,2274,2072,0.9112
2025,2025-03,2025-03-01,432 LHE-AUH,4,760,445,0.5855
2025,2025-03,2025-03-01,433 AUH-LHE,4,760,632,0.8316
2025,2025-03,2025-03-01,470 LHE-JED,31,5430,4887,0.9
2025,2025-03,2025-03-01,471 JED-LHE,31,5436,5232,0.9625
2025,2025-03,2025-03-01,474 LHE-RUH,9,1700,1418,0.8341
2025,2025-03,2025-03-01,475 RUH-LHE,8,1520,1415,0.9309
2025,2025-03,2025-03-01,810 MUX-DXB,17,3060,2527,0.8258
2025,2025-03,2025-03-01,811 DXB-MUX,17,3060,2992,0.9778
2025,2025-03,2025-03-01,812 MUX-SHJ,12,2160,1703,0.7884
2025,2025-03,2025-03-01,813 SHJ-MUX,12,2160,2043,0.9458
2025,2025-03,2025-03-01,870 MUX-JED,30,5400,4552,0.843
2025,2025-03,2025-03-01,871 JED-MUX,31,5580,5456,0.9778
2025,2025-03,2025-03-01,TOTALS,838,168574,136821,0.8116
2025,2025-04,2025-04-01,110 KHI-DXB,29,6156,5702,0.9263
2025,2025-04,2025-04-01,111 DXB-KHI,29,6156,3645,0.5921
2025,2025-04,2025-04-01,170 KHI-JED,25,5300,3654,0.6894
2025,2025-04,2025-04-01,171 JED-KHI,25,5300,4784,0.9026
2025,2025-04,2025-04-01,1766 KHI-MED,1,212,138,0.6509
2025,2025-04,2025-04-01,200 KHI-ISB,19,3989,3619,0.9072
2025,2025-04,2025-04-01,201 ISB-KHI,18,3714,3426,0.9225
2025,2025-04,2025-04-01,204 KHI-ISB,1,212,209,0.9858
2025,2025-04,2025-04-01,205 ISB-KHI,1,212,210,0.9906
2025,2025-04,2025-04-01,207 ISB-KHI,28,5542,5273,0.9515
2025,2025-04,2025-04-01,208 KHI-ISB,29,5676,5189,0.9142
2025,2025-04,2025-04-01,210 ISB-DXB,29,6665,6131,0.9199
2025,2025-04,2025-04-01,211 DXB-ISB,29,6665,5160,0.7742
2025,2025-04,2025-04-01,212 ISB-SHJ,12,2700,2474,0.9163
2025,2025-04,2025-04-01,213 SHJ-ISB,12,2700,2121,0.7856
2025,2025-04,2025-04-01,216 ISB-DXB,30,6203,5893,0.95
2025,2025-04,2025-04-01,217 DXB-ISB,30,6203,4939,0.7962
2025,2025-04,2025-04-01,230 ISB-AUH,17,3700,3549,0.9592
2025,2025-04,2025-04-01,231 AUH-ISB,16,3480,3124,0.8977
2025,2025-04,2025-04-01,251 ISB-KDU,29,5220,4685,0.8975
2025,2025-04,2025-04-01,252 KDU-ISB,29,5220,3943,0.7554
2025,2025-04,2025-04-01,270 ISB-JED,27,4776,4388,0.9188
2025,2025-04,2025-04-01,271 JED-ISB,28,4962,4844,0.9762
2025,2025-04,2025-04-01,274 ISB-RUH,30,5520,5143,0.9317
2025,2025-04,2025-04-01,275 RUH-ISB,29,5340,5042,0.9442
2025,2025-04,2025-04-01,401 LHE-KHI,29,6014,5505,0.9154
2025,2025-04,2025-04-01,402 KHI-LHE,29,6100,5356,0.878
2025,2025-04,2025-04-01,405 LHE-KHI,30,5954,5529,0.9286
2025,2025-04,2025-04-01,406 KHI-LHE,30,5914,5333,0.9018
2025,2025-04,2025-04-01,410 LHE-DXB,29,6300,6147,0.9757
2025,2025-04,2025-04-01,411 DXB-LHE,29,6300,4900,0.7778
2025,2025-04,2025-04-01,412 LHE-SHJ,17,3540,3191,0.9014
2025,2025-04,2025-04-01,4122 LHE-LHE,1,180,0,0
2025,2025-04,2025-04-01,413 SHJ-LHE,17,3540,2170,0.613
2025,2025-04,2025-04-01,416 LHE-DXB,30,6560,6350,0.968
2025,2025-04,2025-04-01,417 DXB-LHE,30,6560,5474,0.8345
2025,2025-04,2025-04-01,430 LHE-AUH,16,3280,3024,0.922
2025,2025-04,2025-04-01,431 AUH-LHE,16,3280,2711,0.8265
2025,2025-04,2025-04-01,451 LHE-KDU,5,900,772,0.8578
2025,2025-04,2025-04-01,452 KDU-LHE,5,900,514,0.5711
2025,2025-04,2025-04-01,470 LHE-JED,27,5008,4422,0.883
2025,2025-04,2025-04-01,471 JED-LHE,28,5182,4760,0.9186
2025,2025-04,2025-04-01,474 LHE-RUH,13,2500,2162,0.8648
2025,2025-04,2025-04-01,475 RUH-LHE,13,2500,2258,0.9032
2025,2025-04,2025-04-01,480 KDU-LHE,8,1440,1272,0.8833
2025,2025-04,2025-04-01,481 LHE-KDU,8,1440,1296,0.9
2025,2025-04,2025-04-01,810 MUX-DXB,17,3012,2926,0.9714
2025,2025-04,2025-04-01,811 DXB-MUX,17,3012,2871,0.9532
2025,2025-04,2025-04-01,812 MUX-SHJ,13,2304,2244,0.974
2025,2025-04,2025-04-01,813 SHJ-MUX,13,2304,1981,0.8598
2025,2025-04,2025-04-01,870 MUX-JED,28,4974,4582,0.9212
2025,2025-04,2025-04-01,871 JED-MUX,28,4968,4862,0.9787
2025,2025-04,2025-04-01,8766 MUX-MED,1,174,153,0.8793
2025,2025-04,2025-04-01,TOTALS,1079,215963,190050,0.88
2025,2025-05,2025-05-01,110 KHI-DXB,28,5930,5113,0.8622
2025,2025-05,2025-05-01,111 DXB-KHI,28,5930,3500,0.5902
2025,2025-05,2025-05-01,172 KHI-JED,5,1060,803,0.7575
2025,2025-05,2025-05-01,173 JED-KHI,5,1060,572,0.5396
2025,2025-05,2025-05-01,1766 KHI-MED,4,856,582,0.6799
2025,2025-05,2025-05-01,1768 KHI-MED,1,220,149,0.6773
2025,2025-05,2025-05-01,200 KHI-ISB,24,4879,3896,0.7985
2025,2025-05,2025-05-01,201 ISB-KHI,23,4659,3256,0.6989
2025,2025-05,2025-05-01,207 ISB-KHI,27,5490,4541,0.8271
2025,2025-05,2025-05-01,208 KHI-ISB,27,5490,4469,0.814
2025,2025-05,2025-05-01,210 ISB-DXB,30,6734,5631,0.8362
2025,2025-05,2025-05-01,2100 ISB-ISB,1,220,0,0
2025,2025-05,2025-05-01,211 DXB-ISB,30,6734,5855,0.8695
2025,2025-05,2025-05-01,212 ISB-SHJ,13,2857,2505,0.8768
2025,2025-05,2025-05-01,213 SHJ-ISB,13,2857,2193,0.7676
2025,2025-05,2025-05-01,216 ISB-DXB,29,6064,5491,0.9055
2025,2025-05,2025-05-01,217 DXB-ISB,29,6064,5072,0.8364
2025,2025-05,2025-05-01,218 ISB-DXB,3,612,524,0.8562
2025,2025-05,2025-05-01,219 DXB-ISB,3,612,386,0.6307
2025,2025-05,2025-05-01,230 ISB-AUH,17,3691,3033,0.8217
2025,2025-05,2025-05-01,231 AUH-ISB,17,3691,3198,0.8664
2025,2025-05,2025-05-01,251 ISB-KDU,24,4320,3108,0.7194
2025,2025-05,2025-05-01,252 KDU-ISB,24,4320,2595,0.6007
2025,2025-05,2025-05-01,272 ISB-JED,8,1520,1174,0.7724
2025,2025-05,2025-05-01,273 JED-ISB,8,1520,1213,0.798
2025,2025-05,2025-05-01,274 ISB-RUH,30,5440,4851,0.8917
2025,2025-05,2025-05-01,275 RUH-ISB,30,5440,5048,0.9279
2025,2025-05,2025-05-01,2766 ISB-MED,6,1160,877,0.756
2025,2025-05,2025-05-01,2768 ISB-MED,2,400,285,0.7125
2025,2025-05,2025-05-01,401 LHE-KHI,19,3754,2963,0.7893
2025,2025-05,2025-05-01,402 KHI-LHE,21,4194,3058,0.7291
2025,2025-05,2025-05-01,405 LHE-KHI,25,4630,3972,0.8579
2025,2025-05,2025-05-01,406 KHI-LHE,24,4364,3414,0.7823
2025,2025-05,2025-05-01,410 LHE-DXB,29,5876,5360,0.9122
2025,2025-05,2025-05-01,411 DXB-LHE,29,5870,4732,0.8061
2025,2025-05,2025-05-01,412 LHE-SHJ,16,3280,2672,0.8146
2025,2025-05,2025-05-01,413 SHJ-LHE,15,3060,2105,0.6879
2025,2025-05,2025-05-01,416 LHE-DXB,31,6608,5716,0.865
2025,2025-05,2025-05-01,417 DXB-LHE,31,6654,5329,0.8009
2025,2025-05,2025-05-01,430 LHE-AUH,16,3016,2646,0.8773
2025,2025-05,2025-05-01,431 AUH-LHE,16,3016,2287,0.7583
2025,2025-05,2025-05-01,472 LHE-JED,8,1422,1173,0.8249
2025,2025-05,2025-05-01,473 JED-LHE,8,1422,1014,0.7131
2025,2025-05,2025-05-01,474 LHE-RUH,12,2274,2057,0.9046
2025,2025-05,2025-05-01,475 RUH-LHE,13,2454,2125,0.8659
2025,2025-05,2025-05-01,4766 LHE-MED,8,1422,1181,0.8305
2025,2025-05,2025-05-01,480 KDU-LHE,11,1974,1324,0.6707
2025,2025-05,2025-05-01,481 LHE-KDU,11,1974,1621,0.8212
2025,2025-05,2025-05-01,704 KHI-KDU,6,1080,988,0.9148
2025,2025-05,2025-05-01,705 KDU-KHI,6,1080,506,0.4685
2025,2025-05,2025-05-01,810 MUX-DXB,18,3186,3005,0.9432
2025,2025-05,2025-05-01,811 DXB-MUX,18,3192,3044,0.9536
2025,2025-05,2025-05-01,812 MUX-SHJ,13,2310,1995,0.8636
2025,2025-05,2025-05-01,813 SHJ-MUX,13,2310,2113,0.9147
2025,2025-05,2025-05-01,872 MUX-JED,3,528,458,0.8674
2025,2025-05,2025-05-01,873 JED-MUX,3,528,505,0.9564
2025,2025-05,2025-05-01,8766 MUX-MED,3,534,461,0.8633
2025,2025-05,2025-05-01,TOTALS,915,181842,147744,0.8125
2025,2025-06,2025-06-01,110 KHI-DXB,30,6360,5548,0.8723
2025,2025-06,2025-06-01,111 DXB-KHI,30,6360,3665,0.5763
2025,2025-06,2025-06-01,118 KHI-DXB,1,212,39,0.184
2025,2025-06,2025-06-01,119 DXB-KHI,1,212,204,0.9623
2025,2025-06,2025-06-01,172 KHI-JED,8,1696,1364,0.8042
2025,2025-06,2025-06-01,173 JED-KHI,8,1696,1214,0.7158
2025,2025-06,2025-06-01,200 KHI-ISB,30,5935,5673,0.9559
2025,2025-06,2025-06-01,201 ISB-KHI,30,5935,5115,0.8618
2025,2025-06,2025-06-01,207 ISB-KHI,29,6115,5496,0.8988
2025,2025-06,2025-06-01,208 KHI-ISB,29,6115,5758,0.9416
2025,2025-06,2025-06-01,210 ISB-DXB,30,7035,5989,0.8513
2025,2025-06,2025-06-01,211 DXB-ISB,30,7035,5934,0.8435
2025,2025-06,2025-06-01,212 ISB-SHJ,13,2945,2553,0.8669
2025,2025-06,2025-06-01,213 SHJ-ISB,13,2945,2252,0.7647
2025,2025-06,2025-06-01,216 ISB-DXB,30,6330,5740,0.9068
2025,2025-06,2025-06-01,217 DXB-ISB,30,6330,4819,0.7613
2025,2025-06,2025-06-01,218 ISB-DXB,2,415,255,0.6145
2025,2025-06,2025-06-01,219 DXB-ISB,2,415,386,0.9301
2025,2025-06,2025-06-01,230 ISB-AUH,17,3675,3034,0.8256
2025,2025-06,2025-06-01,231 AUH-ISB,17,3675,3351,0.9118
2025,2025-06,2025-06-01,232 ISB-AUH,1,235,96,0.4085
2025,2025-06,2025-06-01,233 AUH-ISB,1,235,235,1
2025,2025-06,2025-06-01,251 ISB-KDU,28,5040,4715,0.9355
2025,2025-06,2025-06-01,2511 ISB-ISB,1,180,0,0
2025,2025-06,2025-06-01,252 KDU-ISB,28,5040,3681,0.7304
2025,2025-06,2025-06-01,253 ISB-KDU,1,180,86,0.4778
2025,2025-06,2025-06-01,254 KDU-ISB,1,180,100,0.5556
2025,2025-06,2025-06-01,270 ISB-JED,1,180,172,0.9556
2025,2025-06,2025-06-01,271 JED-ISB,1,180,157,0.8722
2025,2025-06,2025-06-01,272 ISB-JED,16,3240,2695,0.8318
2025,2025-06,2025-06-01,273 JED-ISB,16,3240,2272,0.7012
2025,2025-06,2025-06-01,274 ISB-RUH,30,5400,5010,0.9278
2025,2025-06,2025-06-01,275 RUH-ISB,30,5400,4276,0.7919
2025,2025-06,2025-06-01,2766 ISB-MED,1,220,89,0.4045
2025,2025-06,2025-06-01,2777 MED-ISB,1,220,144,0.6545
2025,2025-06,2025-06-01,401 LHE-KHI,23,4712,4129,0.8763
2025,2025-06,2025-06-01,402 KHI-LHE,24,4898,4263,0.8704
2025,2025-06,2025-06-01,405 LHE-KHI,21,4074,3412,0.8375
2025,2025-06,2025-06-01,406 KHI-LHE,19,3708,3047,0.8217
2025,2025-06,2025-06-01,407 LHE-KHI,1,220,204,0.9273
2025,2025-06,2025-06-01,408 KHI-LHE,1,220,114,0.5182
2025,2025-06,2025-06-01,410 LHE-DXB,30,6302,5784,0.9178
2025,2025-06,2025-06-01,411 DXB-LHE,30,6308,4837,0.7668
2025,2025-06,2025-06-01,412 LHE-SHJ,15,2934,2593,0.8838
2025,2025-06,2025-06-01,413 SHJ-LHE,16,3154,2114,0.6703
2025,2025-06,2025-06-01,416 LHE-DXB,30,6474,5868,0.9064
2025,2025-06,2025-06-01,417 DXB-LHE,30,6428,4728,0.7355
2025,2025-06,2025-06-01,418 LHE-DXB,2,394,197,0.5
2025,2025-06,2025-06-01,419 DXB-LHE,2,394,387,0.9822
2025,2025-06,2025-06-01,430 LHE-AUH,18,3634,3199,0.8803
2025,2025-06,2025-06-01,431 AUH-LHE,18,3634,2977,0.8192
2025,2025-06,2025-06-01,432 LHE-AUH,1,180,162,0.9
2025,2025-06,2025-06-01,433 AUH-LHE,1,180,174,0.9667
2025,2025-06,2025-06-01,470 LHE-JED,1,180,168,0.9333
2025,2025-06,2025-06-01,471 JED-LHE,1,180,153,0.85
2025,2025-06,2025-06-01,472 LHE-JED,16,2958,2255,0.7623
2025,2025-06,2025-06-01,473 JED-LHE,16,2958,2303,0.7786
2025,2025-06,2025-06-01,474 LHE-RUH,13,2460,2232,0.9073
2025,2025-06,2025-06-01,475 RUH-LHE,12,2240,1580,0.7054
2025,2025-06,2025-06-01,4766 LHE-MED,2,360,152,0.4222
2025,2025-06,2025-06-01,4777 MED-LHE,1,180,145,0.8056
2025,2025-06,2025-06-01,480 KDU-LHE,19,3414,2834,0.8301
2025,2025-06,2025-06-01,481 LHE-KDU,19,3414,3182,0.932
2025,2025-06,2025-06-01,704 KHI-KDU,11,1980,1834,0.9263
2025,2025-06,2025-06-01,705 KDU-KHI,11,1980,1599,0.8076
2025,2025-06,2025-06-01,810 MUX-DXB,17,3006,2896,0.9634
2025,2025-06,2025-06-01,811 DXB-MUX,17,3000,2914,0.9713
2025,2025-06,2025-06-01,812 MUX-SHJ,13,2292,2229,0.9725
2025,2025-06,2025-06-01,813 SHJ-MUX,13,2292,2007,0.8757
2025,2025-06,2025-06-01,872 MUX-JED,13,2304,2136,0.9271
2025,2025-06,2025-06-01,873 JED-MUX,13,2304,2169,0.9414
2025,2025-06,2025-06-01,TOTALS,1027,205956,173094,0.8404
2025,2025-07,2025-07-01,110 KHI-DXB,29,6172,5193,0.8414
2025,2025-07,2025-07-01,111 DXB-KHI,29,6172,3455,0.5598
2025,2025-07,2025-07-01,118 KHI-DXB,2,432,382,0.8843
2025,2025-07,2025-07-01,119 DXB-KHI,2,432,275,0.6366
2025,2025-07,2025-07-01,170 KHI-JED,21,4476,4378,0.9781
2025,2025-07,2025-07-01,171 JED-KHI,21,4476,2947,0.6584
2025,2025-07,2025-07-01,172 KHI-JED,4,848,817,0.9634
2025,2025-07,2025-07-01,173 JED-KHI,4,848,156,0.184
2025,2025-07,2025-07-01,1766 KHI-MED,5,1060,727,0.6858
2025,2025-07,2025-07-01,1777 MED-KHI,5,1060,728,0.6868
2025,2025-07,2025-07-01,200 KHI-ISB,29,5685,5382,0.9467
2025,2025-07,2025-07-01,201 ISB-KHI,30,5873,5710,0.9722
2025,2025-07,2025-07-01,204 KHI-ISB,7,1300,1240,0.9538
2025,2025-07,2025-07-01,205 ISB-KHI,6,1120,1073,0.958
2025,2025-07,2025-07-01,207 ISB-KHI,30,6206,6079,0.9795
2025,2025-07,2025-07-01,208 KHI-ISB,30,6174,5803,0.9399
2025,2025-07,2025-07-01,210 ISB-DXB,27,6330,5327,0.8415
2025,2025-07,2025-07-01,211 DXB-ISB,27,6330,4590,0.7251
2025,2025-07,2025-07-01,212 ISB-SHJ,13,2940,2603,0.8854
2025,2025-07,2025-07-01,213 SHJ-ISB,13,2940,1395,0.4745
2025,2025-07,2025-07-01,216 ISB-DXB,28,6110,5576,0.9126
2025,2025-07,2025-07-01,217 DXB-ISB,28,6110,4375,0.716
2025,2025-07,2025-07-01,218 ISB-DXB,2,470,449,0.9553
2025,2025-07,2025-07-01,219 DXB-ISB,2,470,192,0.4085
2025,2025-07,2025-07-01,230 ISB-AUH,18,3770,3365,0.8926
2025,2025-07,2025-07-01,231 AUH-ISB,18,3810,2862,0.7512
2025,2025-07,2025-07-01,251 ISB-KDU,30,5400,4287,0.7939
2025,2025-07,2025-07-01,252 KDU-ISB,29,5220,4809,0.9213
2025,2025-07,2025-07-01,254 KDU-ISB,1,180,107,0.5944
2025,2025-07,2025-07-01,270 ISB-JED,22,4400,4329,0.9839
2025,2025-07,2025-07-01,271 JED-ISB,21,4220,3029,0.7178
2025,2025-07,2025-07-01,272 ISB-JED,3,620,618,0.9968
2025,2025-07,2025-07-01,273 JED-ISB,3,620,174,0.2806
2025,2025-07,2025-07-01,274 ISB-RUH,31,5715,5506,0.9634
2025,2025-07,2025-07-01,275 RUH-ISB,31,5715,2282,0.3993
2025,2025-07,2025-07-01,2766 ISB-MED,6,1280,855,0.668
2025,2025-07,2025-07-01,2768 ISB-MED,1,220,119,0.5409
2025,2025-07,2025-07-01,2769 MED-ISB,1,220,146,0.6636
2025,2025-07,2025-07-01,2777 MED-ISB,6,1280,883,0.6898
2025,2025-07,2025-07-01,401 LHE-KHI,28,5698,5437,0.9542
2025,2025-07,2025-07-01,402 KHI-LHE,28,5744,4840,0.8426
2025,2025-07,2025-07-01,405 LHE-KHI,28,5342,5062,0.9476
2025,2025-07,2025-07-01,406 KHI-LHE,27,5162,4582,0.8876
2025,2025-07,2025-07-01,407 LHE-KHI,3,574,531,0.9251
2025,2025-07,2025-07-01,408 KHI-LHE,4,708,542,0.7655
2025,2025-07,2025-07-01,410 LHE-DXB,30,6090,5351,0.8787
2025,2025-07,2025-07-01,411 DXB-LHE,30,6044,4535,0.7503
2025,2025-07,2025-07-01,412 LHE-SHJ,13,2602,2037,0.7829
2025,2025-07,2025-07-01,413 SHJ-LHE,13,2602,1359,0.5223
2025,2025-07,2025-07-01,416 LHE-DXB,23,4848,3912,0.8069
2025,2025-07,2025-07-01,417 DXB-LHE,23,4848,2984,0.6155
2025,2025-07,2025-07-01,418 LHE-DXB,1,180,171,0.95
2025,2025-07,2025-07-01,419 DXB-LHE,1,180,162,0.9
2025,2025-07,2025-07-01,430 LHE-AUH,17,3350,2464,0.7355
2025,2025-07,2025-07-01,431 AUH-LHE,17,3350,2077,0.62
2025,2025-07,2025-07-01,470 LHE-JED,22,3976,3890,0.9784
2025,2025-07,2025-07-01,471 JED-LHE,21,3796,2928,0.7713
2025,2025-07,2025-07-01,472 LHE-JED,3,580,540,0.931
2025,2025-07,2025-07-01,473 JED-LHE,3,580,127,0.219
2025,2025-07,2025-07-01,474 LHE-RUH,13,2660,2497,0.9387
2025,2025-07,2025-07-01,475 RUH-LHE,14,2880,888,0.3083
2025,2025-07,2025-07-01,4766 LHE-MED,6,1108,930,0.8394
2025,2025-07,2025-07-01,4777 MED-LHE,7,1288,1004,0.7795
2025,2025-07,2025-07-01,480 KDU-LHE,18,3210,2820,0.8785
2025,2025-07,2025-07-01,481 LHE-KDU,18,3210,2200,0.6854
2025,2025-07,2025-07-01,4811 LHE-LHE,2,360,0,0
2025,2025-07,2025-07-01,704 ISB-KDU,1,180,170,0.9444
2025,2025-07,2025-07-01,704 KHI-ISB,1,180,0,0
2025,2025-07,2025-07-01,704 KHI-KDU,11,1980,1603,0.8096
2025,2025-07,2025-07-01,705 KDU-KHI,12,2160,2118,0.9806
2025,2025-07,2025-07-01,810 MUX-DXB,18,3604,3352,0.9301
2025,2025-07,2025-07-01,811 DXB-MUX,18,3650,2224,0.6093
2025,2025-07,2025-07-01,812 MUX-SHJ,13,2636,2327,0.8828
2025,2025-07,2025-07-01,813 SHJ-MUX,13,2636,1044,0.3961
2025,2025-07,2025-07-01,870 MUX-JED,21,4482,4279,0.9547
2025,2025-07,2025-07-01,871 JED-MUX,21,4482,1903,0.4246
2025,2025-07,2025-07-01,872 MUX-JED,5,876,850,0.9703
2025,2025-07,2025-07-01,873 JED-MUX,5,876,681,0.7774
2025,2025-07,2025-07-01,8766 MUX-MED,3,528,404,0.7652
2025,2025-07,2025-07-01,8777 MED-MUX,3,528,448,0.8485
2025,2025-07,2025-07-01,TOTALS,1173,236472,187496,0.7929
2025,2025-08,2025-08-01,110 KHI-DXB,28,5960,5537,0.929
2025,2025-08,2025-08-01,111 DXB-KHI,27,5740,2884,0.5024
2025,2025-08,2025-08-01,117 DXB-KHI,1,220,76,0.3455
2025,2025-08,2025-08-01,170 KHI-JED,29,6260,5785,0.9241
2025,2025-08,2025-08-01,171 JED-KHI,29,6260,5568,0.8895
2025,2025-08,2025-08-01,172 KHI-JED,2,400,329,0.8225
2025,2025-08,2025-08-01,173 JED-KHI,2,400,381,0.9525
2025,2025-08,2025-08-01,200 KHI-ISB,27,5066,4578,0.9037
2025,2025-08,2025-08-01,201 ISB-KHI,26,4930,4657,0.9446
2025,2025-08,2025-08-01,207 ISB-KHI,25,4613,4279,0.9276
2025,2025-08,2025-08-01,2077 ISB-ISB,1,180,0,0
2025,2025-08,2025-08-01,208 KHI-ISB,25,4645,4164,0.8964
2025,2025-08,2025-08-01,210 ISB-DXB,29,6815,6264,0.9191
2025,2025-08,2025-08-01,211 DXB-ISB,29,6815,3307,0.4853
2025,2025-08,2025-08-01,212 ISB-SHJ,11,2194,1998,0.9107
2025,2025-08,2025-08-01,213 SHJ-ISB,11,2194,793,0.3614
2025,2025-08,2025-08-01,216 ISB-DXB,31,6784,6564,0.9676
2025,2025-08,2025-08-01,217 DXB-ISB,31,6784,3411,0.5028
2025,2025-08,2025-08-01,230 ISB-AUH,17,3668,3204,0.8735
2025,2025-08,2025-08-01,231 AUH-ISB,18,3848,1865,0.4847
2025,2025-08,2025-08-01,251 ISB-KDU,26,4668,2904,0.6221
2025,2025-08,2025-08-01,252 KDU-ISB,25,4500,3795,0.8433
2025,2025-08,2025-08-01,270 ISB-JED,24,4320,4165,0.9641
2025,2025-08,2025-08-01,271 JED-ISB,24,4320,3683,0.8525
2025,2025-08,2025-08-01,272 ISB-JED,7,1254,1237,0.9864
2025,2025-08,2025-08-01,273 JED-ISB,7,1254,1104,0.8804
2025,2025-08,2025-08-01,274 ISB-RUH,31,5580,5328,0.9548
2025,2025-08,2025-08-01,275 RUH-ISB,31,5580,3254,0.5832
2025,2025-08,2025-08-01,401 LHE-KHI,27,5664,5214,0.9206
2025,2025-08,2025-08-01,402 KHI-LHE,27,5696,5253,0.9222
2025,2025-08,2025-08-01,405 LHE-KHI,28,5298,4960,0.9362
2025,2025-08,2025-08-01,406 KHI-LHE,28,5312,4886,0.9198
2025,2025-08,2025-08-01,407 LHE-KHI,4,880,829,0.942
2025,2025-08,2025-08-01,408 KHI-LHE,4,834,752,0.9017
2025,2025-08,2025-08-01,410 LHE-DXB,30,6186,5964,0.9641
2025,2025-08,2025-08-01,411 DXB-LHE,30,6232,4376,0.7022
2025,2025-08,2025-08-01,412 LHE-SHJ,11,2234,2022,0.9051
2025,2025-08,2025-08-01,413 SHJ-LHE,11,2234,1081,0.4839
2025,2025-08,2025-08-01,416 LHE-DXB,27,5736,5426,0.946
2025,2025-08,2025-08-01,417 DXB-LHE,27,5736,3599,0.6274
2025,2025-08,2025-08-01,430 LHE-AUH,13,2624,2205,0.8403
2025,2025-08,2025-08-01,431 AUH-LHE,13,2624,1486,0.5663
2025,2025-08,2025-08-01,432 LHE-AUH,3,652,573,0.8788
2025,2025-08,2025-08-01,433 AUH-LHE,3,652,271,0.4156
2025,2025-08,2025-08-01,470 LHE-JED,31,5580,5425,0.9722
2025,2025-08,2025-08-01,471 JED-LHE,31,5580,5079,0.9102
2025,2025-08,2025-08-01,474 LHE-RUH,13,2632,2256,0.8571
2025,2025-08,2025-08-01,475 RUH-LHE,13,2632,1810,0.6877
2025,2025-08,2025-08-01,480 KDU-LHE,14,2496,1817,0.728
2025,2025-08,2025-08-01,481 LHE-KDU,14,2496,1490,0.597
2025,2025-08,2025-08-01,704 KHI-KDU,5,900,601,0.6678
2025,2025-08,2025-08-01,705 KDU-KHI,6,1068,842,0.7884
2025,2025-08,2025-08-01,810 MUX-DXB,18,3454,3171,0.9181
2025,2025-08,2025-08-01,811 DXB-MUX,18,3408,2079,0.61
2025,2025-08,2025-08-01,812 MUX-SHJ,13,2492,2170,0.8708
2025,2025-08,2025-08-01,813 SHJ-MUX,13,2492,1041,0.4177
2025,2025-08,2025-08-01,870 MUX-JED,31,5946,5643,0.949
2025,2025-08,2025-08-01,871 JED-MUX,31,5946,5232,0.8799
2025,2025-08,2025-08-01,9001 KHI-KHI,1,180,0,0
2025,2025-08,2025-08-01,TOTALS,1112,221148,178667,0.8079
2025,2025-09,2025-09-01,110 KHI-DXB,27,5860,5060,0.8635
2025,2025-09,2025-09-01,111 DXB-KHI,27,5860,2508,0.428
2025,2025-09,2025-09-01,170 KHI-JED,29,6300,5647,0.8963
2025,2025-09,2025-09-01,171 JED-KHI,29,6300,4919,0.7808
2025,2025-09,2025-09-01,172 KHI-JED,1,212,185,0.8726
2025,2025-09,2025-09-01,173 JED-KHI,1,212,147,0.6934
2025,2025-09,2025-09-01,200 KHI-ISB,24,5005,4670,0.9331
2025,2025-09,2025-09-01,201 ISB-KHI,25,5193,4766,0.9178
2025,2025-09,2025-09-01,207 ISB-KHI,26,4831,4482,0.9278
2025,2025-09,2025-09-01,208 KHI-ISB,27,5074,4803,0.9466
2025,2025-09,2025-09-01,210 ISB-DXB,24,5640,4495,0.797
2025,2025-09,2025-09-01,211 DXB-ISB,24,5640,3184,0.5645
2025,2025-09,2025-09-01,212 ISB-SHJ,10,2249,1886,0.8386
2025,2025-09,2025-09-01,213 SHJ-ISB,10,2249,992,0.4411
2025,2025-09,2025-09-01,216 ISB-DXB,29,6676,5986,0.8966
2025,2025-09,2025-09-01,217 DXB-ISB,29,6676,3695,0.5535
2025,2025-09,2025-09-01,218 ISB-DXB,1,235,214,0.9106
2025,2025-09,2025-09-01,219 DXB-ISB,1,235,115,0.4894
2025,2025-09,2025-09-01,230 ISB-AUH,13,2947,2467,0.8371
2025,2025-09,2025-09-01,231 AUH-ISB,13,2947,1874,0.6359
2025,2025-09,2025-09-01,232 ISB-AUH,2,447,389,0.8702
2025,2025-09,2025-09-01,233 AUH-ISB,2,447,210,0.4698
2025,2025-09,2025-09-01,251 ISB-KDU,14,2472,1656,0.6699
2025,2025-09,2025-09-01,252 KDU-ISB,14,2472,2106,0.8519
2025,2025-09,2025-09-01,270 ISB-JED,29,5118,4711,0.9205
2025,2025-09,2025-09-01,271 JED-ISB,29,5118,4353,0.8505
2025,2025-09,2025-09-01,272 ISB-JED,1,180,178,0.9889
2025,2025-09,2025-09-01,273 JED-ISB,1,180,156,0.8667
2025,2025-09,2025-09-01,274 ISB-RUH,25,5208,4422,0.8491
2025,2025-09,2025-09-01,275 RUH-ISB,26,5388,3105,0.5763
2025,2025-09,2025-09-01,278 ISB-RUH,5,1137,943,0.8294
2025,2025-09,2025-09-01,279 RUH-ISB,4,902,494,0.5477
2025,2025-09,2025-09-01,401 LHE-KHI,25,4938,4646,0.9409
2025,2025-09,2025-09-01,402 KHI-LHE,26,5118,4691,0.9166
2025,2025-09,2025-09-01,405 LHE-KHI,26,4943,4701,0.951
2025,2025-09,2025-09-01,406 KHI-LHE,26,4943,4696,0.95
2025,2025-09,2025-09-01,410 LHE-DXB,27,5243,5035,0.9603
2025,2025-09,2025-09-01,411 DXB-LHE,23,4523,3217,0.7113
2025,2025-09,2025-09-01,412 LHE-SHJ,9,1771,1512,0.8538
2025,2025-09,2025-09-01,413 SHJ-LHE,9,1771,1120,0.6324
2025,2025-09,2025-09-01,416 LHE-DXB,19,3731,3218,0.8625
2025,2025-09,2025-09-01,417 DXB-LHE,23,4451,3227,0.725
2025,2025-09,2025-09-01,430 LHE-AUH,7,1442,1157,0.8024
2025,2025-09,2025-09-01,431 AUH-LHE,7,1442,828,0.5742
2025,2025-09,2025-09-01,432 LHE-AUH,7,1387,1158,0.8349
2025,2025-09,2025-09-01,433 AUH-LHE,7,1387,887,0.6395
2025,2025-09,2025-09-01,470 LHE-JED,27,4860,4449,0.9154
2025,2025-09,2025-09-01,4700 KHI-KHI,1,180,0,0
2025,2025-09,2025-09-01,471 JED-LHE,27,4860,4234,0.8712
2025,2025-09,2025-09-01,472 LHE-JED,3,540,483,0.8944
2025,2025-09,2025-09-01,473 JED-LHE,3,540,456,0.8444
2025,2025-09,2025-09-01,474 LHE-RUH,13,2540,2274,0.8953
2025,2025-09,2025-09-01,475 RUH-LHE,13,2540,2171,0.8547
2025,2025-09,2025-09-01,480 KDU-LHE,7,1260,904,0.7175
2025,2025-09,2025-09-01,481 LHE-KDU,7,1260,774,0.6143
2025,2025-09,2025-09-01,810 MUX-DXB,17,3024,2825,0.9342
2025,2025-09,2025-09-01,811 DXB-MUX,17,3024,2357,0.7794
2025,2025-09,2025-09-01,812 MUX-SHJ,13,2310,2084,0.9022
2025,2025-09,2025-09-01,813 SHJ-MUX,13,2310,1310,0.5671
2025,2025-09,2025-09-01,816 MUX-DXB,4,720,615,0.8542
2025,2025-09,2025-09-01,817 DXB-MUX,4,720,429,0.5958
2025,2025-09,2025-09-01,870 MUX-JED,30,5328,4792,0.8994
2025,2025-09,2025-09-01,871 JED-MUX,30,5334,4821,0.9038
2025,2025-09,2025-09-01,TOTALS,992,197850,159889,0.8081
2025,2025-10,2025-10-01,110 KHI-DXB,27,5764,4202,0.729
2025,2025-10,2025-10-01,111 DXB-KHI,27,5764,3079,0.5342
2025,2025-10,2025-10-01,170 KHI-JED,31,6628,6240,0.9415
2025,2025-10,2025-10-01,171 JED-KHI,31,6628,6188,0.9336
2025,2025-10,2025-10-01,200 KHI-ISB,30,6386,6029,0.9441
2025,2025-10,2025-10-01,201 ISB-KHI,31,6621,6056,0.9147
2025,2025-10,2025-10-01,204 KHI-ISB,1,235,65,0.2766
2025,2025-10,2025-10-01,205 ISB-KHI,5,1014,961,0.9477
2025,2025-10,2025-10-01,206 KHI-ISB,6,1226,1153,0.9405
2025,2025-10,2025-10-01,207 ISB-KHI,30,5797,5327,0.9189
2025,2025-10,2025-10-01,208 KHI-ISB,29,5591,5328,0.953
2025,2025-10,2025-10-01,210 ISB-DXB,26,6080,4866,0.8003
2025,2025-10,2025-10-01,211 DXB-ISB,27,6315,5412,0.857
2025,2025-10,2025-10-01,212 ISB-SHJ,11,2509,1998,0.7963
2025,2025-10,2025-10-01,213 SHJ-ISB,11,2509,1729,0.6891
2025,2025-10,2025-10-01,216 ISB-DXB,28,6065,5263,0.8678
2025,2025-10,2025-10-01,217 DXB-ISB,28,6065,4913,0.8101
2025,2025-10,2025-10-01,218 ISB-DXB,2,470,411,0.8745
2025,2025-10,2025-10-01,219 DXB-ISB,1,235,198,0.8426
2025,2025-10,2025-10-01,230 ISB-AUH,17,3845,2945,0.7659
2025,2025-10,2025-10-01,231 AUH-ISB,17,3845,3269,0.8502
2025,2025-10,2025-10-01,251 ISB-KDU,17,2982,2203,0.7388
2025,2025-10,2025-10-01,252 KDU-ISB,17,2982,2464,0.8263
2025,2025-10,2025-10-01,270 ISB-JED,28,4978,4869,0.9781
2025,2025-10,2025-10-01,271 JED-ISB,28,4972,4659,0.937
2025,2025-10,2025-10-01,272 ISB-JED,3,534,516,0.9663
2025,2025-10,2025-10-01,273 JED-ISB,3,534,516,0.9663
2025,2025-10,2025-10-01,274 ISB-RUH,26,5333,4756,0.8918
2025,2025-10,2025-10-01,275 RUH-ISB,25,5113,4500,0.8801
2025,2025-10,2025-10-01,276 ISB-RUH,2,440,412,0.9364
2025,2025-10,2025-10-01,277 RUH-ISB,2,440,427,0.9705
2025,2025-10,2025-10-01,278 ISB-RUH,2,409,344,0.8411
2025,2025-10,2025-10-01,279 RUH-ISB,3,644,515,0.7997
2025,2025-10,2025-10-01,401 LHE-KHI,31,6380,5649,0.8854
2025,2025-10,2025-10-01,402 KHI-LHE,31,6380,5838,0.915
2025,2025-10,2025-10-01,403 LHE-KHI,6,1200,961,0.8008
2025,2025-10,2025-10-01,404 KHI-LHE,6,1200,872,0.7267
2025,2025-10,2025-10-01,405 LHE-KHI,31,5948,5347,0.899
2025,2025-10,2025-10-01,406 KHI-LHE,31,5956,5479,0.9199
2025,2025-10,2025-10-01,408 KHI-LHE,1,212,72,0.3396
2025,2025-10,2025-10-01,410 LHE-DXB,31,6012,5029,0.8365
2025,2025-10,2025-10-01,411 DXB-LHE,21,4092,3699,0.904
2025,2025-10,2025-10-01,412 LHE-SHJ,12,2504,1367,0.5459
2025,2025-10,2025-10-01,413 SHJ-LHE,12,2504,2041,0.8151
2025,2025-10,2025-10-01,416 LHE-DXB,17,3332,2441,0.7326
2025,2025-10,2025-10-01,417 DXB-LHE,27,5292,4964,0.938
2025,2025-10,2025-10-01,419 DXB-LHE,1,180,163,0.9056
2025,2025-10,2025-10-01,430 LHE-AUH,17,3556,2309,0.6493
2025,2025-10,2025-10-01,431 AUH-LHE,17,3556,3086,0.8678
2025,2025-10,2025-10-01,470 LHE-JED,28,5040,4861,0.9645
2025,2025-10,2025-10-01,471 JED-LHE,28,5040,4654,0.9234
2025,2025-10,2025-10-01,472 LHE-JED,3,540,535,0.9907
2025,2025-10,2025-10-01,473 JED-LHE,3,540,518,0.9593
2025,2025-10,2025-10-01,474 LHE-RUH,13,2620,2260,0.8626
2025,2025-10,2025-10-01,475 RUH-LHE,13,2620,2489,0.95
2025,2025-10,2025-10-01,480 KDU-LHE,9,1620,1261,0.7784
2025,2025-10,2025-10-01,481 LHE-KDU,9,1620,1122,0.6926
2025,2025-10,2025-10-01,702 ISB-KDU,2,354,246,0.6949
2025,2025-10,2025-10-01,703 KDU-ISB,2,354,350,0.9887
2025,2025-10,2025-10-01,810 MUX-DXB,20,3720,3230,0.8683
2025,2025-10,2025-10-01,811 DXB-MUX,20,3720,3579,0.9621
2025,2025-10,2025-10-01,812 MUX-SHJ,13,2340,1906,0.8145
2025,2025-10,2025-10-01,813 SHJ-MUX,13,2340,2218,0.9479
2025,2025-10,2025-10-01,816 MUX-DXB,10,1920,1448,0.7542
2025,2025-10,2025-10-01,817 DXB-MUX,10,1920,1753,0.913
2025,2025-10,2025-10-01,870 MUX-JED,28,5040,4881,0.9685
2025,2025-10,2025-10-01,871 JED-MUX,27,4860,4493,0.9245
2025,2025-10,2025-10-01,872 MUX-JED,3,540,525,0.9722
2025,2025-10,2025-10-01,873 JED-MUX,3,540,511,0.9463
2025,2025-10,2025-10-01,TOTALS,1121,224545,193970,0.8638
2025,2025-11,2025-11-01,110 KHI-DXB,26,5506,3847,0.6987
2025,2025-11,2025-11-01,111 DXB-KHI,26,5506,3986,0.7239
2025,2025-11,2025-11-01,170 KHI-JED,30,6400,5900,0.9219
2025,2025-11,2025-11-01,171 JED-KHI,30,6400,6009,0.9389
2025,2025-11,2025-11-01,200 KHI-ISB,30,6695,6209,0.9274
2025,2025-11,2025-11-01,201 ISB-KHI,30,6735,6224,0.9241
2025,2025-11,2025-11-01,205 ISB-KHI,24,5035,4644,0.9223
2025,2025-11,2025-11-01,206 KHI-ISB,24,5090,4517,0.8874
2025,2025-11,2025-11-01,207 ISB-KHI,29,5935,5395,0.909
2025,2025-11,2025-11-01,208 KHI-ISB,30,6115,5613,0.9179
2025,2025-11,2025-11-01,209 ISB-KHI,1,235,139,0.5915
2025,2025-11,2025-11-01,210 ISB-DXB,26,6110,5198,0.8507
2025,2025-11,2025-11-01,211 DXB-ISB,26,6110,5107,0.8358
2025,2025-11,2025-11-01,212 ISB-SHJ,11,2585,2367,0.9157
2025,2025-11,2025-11-01,213 SHJ-ISB,11,2585,1927,0.7455
2025,2025-11,2025-11-01,216 ISB-DXB,22,4840,4308,0.8901
2025,2025-11,2025-11-01,217 DXB-ISB,22,4840,4014,0.8293
2025,2025-11,2025-11-01,230 ISB-AUH,16,3745,3084,0.8235
2025,2025-11,2025-11-01,231 AUH-ISB,16,3745,2991,0.7987
2025,2025-11,2025-11-01,270 ISB-JED,17,3060,2993,0.9781
2025,2025-11,2025-11-01,271 JED-ISB,17,3060,2999,0.9801
2025,2025-11,2025-11-01,272 ISB-JED,13,2340,2311,0.9876
2025,2025-11,2025-11-01,273 JED-ISB,13,2340,2290,0.9786
2025,2025-11,2025-11-01,274 ISB-RUH,17,3555,3349,0.9421
2025,2025-11,2025-11-01,275 RUH-ISB,17,3595,3413,0.9494
2025,2025-11,2025-11-01,276 ISB-RUH,13,2700,2561,0.9485
2025,2025-11,2025-11-01,277 RUH-ISB,13,2700,2591,0.9596
2025,2025-11,2025-11-01,278 ISB-DMM,2,470,423,0.9
2025,2025-11,2025-11-01,279 DMM-ISB,2,470,304,0.6468
2025,2025-11,2025-11-01,401 LHE-KHI,30,6237,5849,0.9378
2025,2025-11,2025-11-01,402 KHI-LHE,30,6309,5880,0.932
2025,2025-11,2025-11-01,403 LHE-KHI,28,5308,4612,0.8689
2025,2025-11,2025-11-01,404 KHI-LHE,28,5262,4695,0.8922
2025,2025-11,2025-11-01,405 LHE-KHI,30,6018,5378,0.8937
2025,2025-11,2025-11-01,406 KHI-LHE,30,5978,5529,0.9249
2025,2025-11,2025-11-01,410 LHE-DXB,27,5672,4121,0.7266
2025,2025-11,2025-11-01,411 DXB-LHE,27,5678,5355,0.9431
2025,2025-11,2025-11-01,412 LHE-SHJ,12,2592,1821,0.7025
2025,2025-11,2025-11-01,413 SHJ-LHE,12,2592,2435,0.9394
2025,2025-11,2025-11-01,416 LHE-DXB,16,3072,2568,0.8359
2025,2025-11,2025-11-01,417 DXB-LHE,16,3072,2903,0.945
2025,2025-11,2025-11-01,430 LHE-AUH,12,2424,1970,0.8127
2025,2025-11,2025-11-01,431 AUH-LHE,12,2424,2254,0.9299
2025,2025-11,2025-11-01,470 LHE-JED,17,3060,2973,0.9716
2025,2025-11,2025-11-01,471 JED-LHE,17,3060,2991,0.9775
2025,2025-11,2025-11-01,472 LHE-JED,13,2340,2275,0.9722
2025,2025-11,2025-11-01,473 JED-LHE,13,2340,2291,0.9791
2025,2025-11,2025-11-01,474 LHE-RUH,13,2374,2218,0.9343
2025,2025-11,2025-11-01,475 RUH-LHE,13,2374,2300,0.9688
2025,2025-11,2025-11-01,702 ISB-KDU,13,2340,1322,0.565
2025,2025-11,2025-11-01,703 KDU-ISB,13,2340,2014,0.8607
2025,2025-11,2025-11-01,810 MUX-DXB,28,5858,4163,0.7107
2025,2025-11,2025-11-01,811 DXB-MUX,28,5852,5696,0.9733
2025,2025-11,2025-11-01,812 MUX-SHJ,22,3924,2594,0.6611
2025,2025-11,2025-11-01,813 SHJ-MUX,22,3924,3785,0.9646
2025,2025-11,2025-11-01,870 MUX-JED,17,3030,2945,0.9719
2025,2025-11,2025-11-01,871 JED-MUX,17,3036,2987,0.9839
2025,2025-11,2025-11-01,872 MUX-JED,13,2328,2256,0.9691
2025,2025-11,2025-11-01,873 JED-MUX,13,2328,2292,0.9845
2025,2025-11,2025-11-01,TOTALS,1136,231648,205185,0.8858
2025,2025-12,2025-12-01,110 KHI-DXB,26,5512,4550,0.8255
2025,2025-12,2025-12-01,111 DXB-KHI,26,5512,4683,0.8496
2025,2025-12,2025-12-01,116 KHI-DXB,1,220,125,0.5682
2025,2025-12,2025-12-01,117 DXB-KHI,1,220,217,0.9864
2025,2025-12,2025-12-01,170 KHI-JED,28,5944,5061,0.8514
2025,2025-12,2025-12-01,171 JED-KHI,28,5944,5603,0.9426
2025,2025-12,2025-12-01,200 KHI-ISB,30,6636,6433,0.9694
2025,2025-12,2025-12-01,201 ISB-KHI,30,6659,6345,0.9528
2025,2025-12,2025-12-01,203 ISB-KHI,1,180,160,0.8889
2025,2025-12,2025-12-01,204 KHI-ISB,1,180,149,0.8278
2025,2025-12,2025-12-01,205 ISB-KHI,27,5175,4878,0.9426
2025,2025-12,2025-12-01,206 KHI-ISB,27,5175,4968,0.96
2025,2025-12,2025-12-01,207 ISB-KHI,31,6729,6301,0.9364
2025,2025-12,2025-12-01,208 KHI-ISB,31,6752,6462,0.957
2025,2025-12,2025-12-01,210 ISB-DXB,29,6815,5850,0.8584
2025,2025-12,2025-12-01,211 DXB-ISB,29,6815,5798,0.8508
2025,2025-12,2025-12-01,212 ISB-SHJ,10,2350,2114,0.8996
2025,2025-12,2025-12-01,213 SHJ-ISB,10,2350,1710,0.7277
2025,2025-12,2025-12-01,216 ISB-DXB,21,4330,3962,0.915
2025,2025-12,2025-12-01,217 DXB-ISB,21,4330,3597,0.8307
2025,2025-12,2025-12-01,230 ISB-AUH,13,2945,2290,0.7776
2025,2025-12,2025-12-01,231 AUH-ISB,13,2945,2301,0.7813
2025,2025-12,2025-12-01,270 ISB-JED,18,3240,2927,0.9034
2025,2025-12,2025-12-01,271 JED-ISB,18,3240,3191,0.9849
2025,2025-12,2025-12-01,272 ISB-JED,13,2340,2145,0.9167
2025,2025-12,2025-12-01,273 JED-ISB,13,2340,2299,0.9825
2025,2025-12,2025-12-01,274 ISB-RUH,18,3240,3161,0.9756
2025,2025-12,2025-12-01,275 RUH-ISB,18,3240,3182,0.9821
2025,2025-12,2025-12-01,276 ISB-RUH,13,2340,2265,0.9679
2025,2025-12,2025-12-01,277 RUH-ISB,13,2340,2289,0.9782
2025,2025-12,2025-12-01,278 ISB-DMM,8,1880,1744,0.9277
2025,2025-12,2025-12-01,279 DMM-ISB,8,1880,1618,0.8606
2025,2025-12,2025-12-01,401 LHE-KHI,29,6136,5861,0.9552
2025,2025-12,2025-12-01,402 KHI-LHE,31,6504,6274,0.9646
2025,2025-12,2025-12-01,403 LHE-KHI,27,5008,4633,0.9251
2025,2025-12,2025-12-01,404 KHI-LHE,26,4828,4320,0.8948
2025,2025-12,2025-12-01,405 LHE-KHI,26,5382,4889,0.9084
2025,2025-12,2025-12-01,406 KHI-LHE,26,5382,4825,0.8965
2025,2025-12,2025-12-01,407 LHE-KHI,2,400,319,0.7975
2025,2025-12,2025-12-01,408 KHI-LHE,1,220,219,0.9955
2025,2025-12,2025-12-01,410 LHE-DXB,28,6074,4795,0.7894
2025,2025-12,2025-12-01,4100 KHI-DXB,1,220,0,0
2025,2025-12,2025-12-01,411 DXB-LHE,26,5634,5256,0.9329
2025,2025-12,2025-12-01,412 LHE-SHJ,15,3260,2437,0.7475
2025,2025-12,2025-12-01,413 SHJ-LHE,15,3260,2922,0.8963
2025,2025-12,2025-12-01,414 LHE-DXB,1,220,220,1
2025,2025-12,2025-12-01,415 DXB-LHE,1,220,178,0.8091
2025,2025-12,2025-12-01,416 LHE-DXB,15,2756,2476,0.8984
2025,2025-12,2025-12-01,417 DXB-LHE,15,2756,2613,0.9481
2025,2025-12,2025-12-01,419 DXB-LHE,2,440,416,0.9455
2025,2025-12,2025-12-01,430 LHE-AUH,14,2736,2190,0.8004
2025,2025-12,2025-12-01,431 AUH-LHE,14,2736,2553,0.9331
2025,2025-12,2025-12-01,470 LHE-JED,17,3042,2807,0.9227
2025,2025-12,2025-12-01,471 JED-LHE,18,3222,3170,0.9839
2025,2025-12,2025-12-01,472 LHE-JED,13,2322,2122,0.9139
2025,2025-12,2025-12-01,473 JED-LHE,13,2322,2279,0.9815
2025,2025-12,2025-12-01,474 LHE-RUH,13,2476,2277,0.9196
2025,2025-12,2025-12-01,475 RUH-LHE,13,2476,2348,0.9483
2025,2025-12,2025-12-01,702 ISB-KDU,13,2340,1090,0.4658
2025,2025-12,2025-12-01,703 KDU-ISB,13,2340,2163,0.9244
2025,2025-12,2025-12-01,810 MUX-DXB,25,5414,4688,0.8659
2025,2025-12,2025-12-01,8100 MUX-MUX,1,220,0,0
2025,2025-12,2025-12-01,811 DXB-MUX,28,6028,5778,0.9585
2025,2025-12,2025-12-01,8111 ISB-MUX,1,220,0,0
2025,2025-12,2025-12-01,812 MUX-SHJ,18,3278,2902,0.8853
2025,2025-12,2025-12-01,813 SHJ-MUX,18,3278,3180,0.9701
2025,2025-12,2025-12-01,8133 ISB-MUX,1,180,0,0
2025,2025-12,2025-12-01,816 MUX-DXB,3,614,569,0.9267
2025,2025-12,2025-12-01,870 MUX-JED,18,3198,2984,0.9331
2025,2025-12,2025-12-01,871 JED-MUX,17,3018,2993,0.9917
2025,2025-12,2025-12-01,8711 ISB-MUX,1,180,0,0
2025,2025-12,2025-12-01,872 MUX-JED,13,2304,2222,0.9644
2025,2025-12,2025-12-01,873 JED-MUX,13,2304,2285,0.9918
2025,2025-12,2025-12-01,875 JED-MUX,1,180,173,0.9611
2025,2025-12,2025-12-01,TOTALS,1160,234926,211804,0.9016
2026,2026-01,2026-01-01,110 KHI-DXB,29,6180,5990,0.9693
2026,2026-01,2026-01-01,111 DXB-KHI,29,6180,3641,0.5892
2026,2026-01,2026-01-01,170 KHI-JED,30,6384,5773,0.9043
2026,2026-01,2026-01-01,171 JED-KHI,30,6384,5184,0.812
2026,2026-01,2026-01-01,200 KHI-ISB,27,5793,5548,0.9577
2026,2026-01,2026-01-01,201 ISB-KHI,28,6013,5654,0.9403
2026,2026-01,2026-01-01,205 ISB-KHI,19,3770,3529,0.9361
2026,2026-01,2026-01-01,206 KHI-ISB,19,3770,3592,0.9528
2026,2026-01,2026-01-01,207 ISB-KHI,29,6145,5671,0.9229
2026,2026-01,2026-01-01,208 KHI-ISB,29,6145,5761,0.9375
2026,2026-01,2026-01-01,210 ISB-DXB,30,7020,6726,0.9581
2026,2026-01,2026-01-01,211 DXB-ISB,30,7020,5222,0.7439
2026,2026-01,2026-01-01,212 ISB-SHJ,11,2524,2405,0.9529
2026,2026-01,2026-01-01,213 SHJ-ISB,11,2524,1307,0.5178
2026,2026-01,2026-01-01,216 ISB-DXB,21,4312,4068,0.9434
2026,2026-01,2026-01-01,217 DXB-ISB,21,4312,2984,0.692
2026,2026-01,2026-01-01,230 ISB-AUH,15,3525,3376,0.9577
2026,2026-01,2026-01-01,231 AUH-ISB,15,3525,1784,0.5061
2026,2026-01,2026-01-01,270 ISB-JED,17,3042,2823,0.928
2026,2026-01,2026-01-01,271 JED-ISB,18,3222,3131,0.9718
2026,2026-01,2026-01-01,272 ISB-JED,14,2508,2337,0.9318
2026,2026-01,2026-01-01,273 JED-ISB,13,2328,2263,0.9721
2026,2026-01,2026-01-01,274 ISB-RUH,17,3232,3034,0.9387
2026,2026-01,2026-01-01,275 RUH-ISB,18,3412,3223,0.9446
2026,2026-01,2026-01-01,276 ISB-RUH,14,2710,2581,0.9524
2026,2026-01,2026-01-01,277 RUH-ISB,13,2536,2364,0.9322
2026,2026-01,2026-01-01,278 ISB-DMM,10,2335,2224,0.9525
2026,2026-01,2026-01-01,279 DMM-ISB,10,2335,1555,0.666
2026,2026-01,2026-01-01,401 LHE-KHI,25,5436,5096,0.9375
2026,2026-01,2026-01-01,402 KHI-LHE,27,5836,5585,0.957
2026,2026-01,2026-01-01,403 LHE-KHI,22,4224,3826,0.9058
2026,2026-01,2026-01-01,404 KHI-LHE,23,4444,3893,0.876
2026,2026-01,2026-01-01,405 LHE-KHI,27,5700,5308,0.9312
2026,2026-01,2026-01-01,406 KHI-LHE,26,5520,5016,0.9087
2026,2026-01,2026-01-01,407 LHE-KHI,1,220,212,0.9636
2026,2026-01,2026-01-01,410 LHE-DXB,29,6300,6079,0.9649
2026,2026-01,2026-01-01,411 DXB-LHE,30,6520,5573,0.8548
2026,2026-01,2026-01-01,412 LHE-SHJ,16,3472,3394,0.9775
2026,2026-01,2026-01-01,413 SHJ-LHE,15,3252,2567,0.7894
2026,2026-01,2026-01-01,416 LHE-DXB,17,3100,3024,0.9755
2026,2026-01,2026-01-01,417 DXB-LHE,17,3100,2311,0.7455
2026,2026-01,2026-01-01,418 LHE-DXB,1,220,192,0.8727
2026,2026-01,2026-01-01,430 LHE-AUH,16,3200,2988,0.9338
2026,2026-01,2026-01-01,431 AUH-LHE,16,3200,2328,0.7275
2026,2026-01,2026-01-01,470 LHE-JED,16,2880,2602,0.9035
2026,2026-01,2026-01-01,471 JED-LHE,16,2880,2739,0.951
2026,2026-01,2026-01-01,472 LHE-JED,14,2520,2325,0.9226
2026,2026-01,2026-01-01,473 JED-LHE,13,2340,2221,0.9491
2026,2026-01,2026-01-01,474 LHE-RUH,14,2600,2489,0.9573
2026,2026-01,2026-01-01,475 RUH-LHE,14,2600,2447,0.9412
2026,2026-01,2026-01-01,702 ISB-KDU,10,1770,1239,0.7
2026,2026-01,2026-01-01,703 KDU-ISB,10,1770,1364,0.7706
2026,2026-01,2026-01-01,810 MUX-DXB,30,6440,6008,0.9329
2026,2026-01,2026-01-01,811 DXB-MUX,30,6440,5892,0.9149
2026,2026-01,2026-01-01,812 MUX-SHJ,18,3198,3038,0.95
2026,2026-01,2026-01-01,813 SHJ-MUX,18,3198,2781,0.8696
2026,2026-01,2026-01-01,8133 ISB-MUX,1,180,0,0
2026,2026-01,2026-01-01,870 MUX-JED,17,3030,2825,0.9323
2026,2026-01,2026-01-01,871 JED-MUX,18,3204,2996,0.9351
2026,2026-01,2026-01-01,872 MUX-JED,14,2496,2311,0.9259
2026,2026-01,2026-01-01,873 JED-MUX,13,2316,2100,0.9067
2026,2026-01,2026-01-01,TOTALS,1141,232792,206519,0.8871
2026,2026-02,2026-02-01,110 KHI-DXB,24,5112,4653,0.9102
2026,2026-02,2026-02-01,111 DXB-KHI,24,5112,2248,0.4397
2026,2026-02,2026-02-01,170 KHI-JED,25,5332,5018,0.9411
2026,2026-02,2026-02-01,171 JED-KHI,25,5332,4196,0.7869
2026,2026-02,2026-02-01,200 KHI-ISB,20,4264,3985,0.9346
2026,2026-02,2026-02-01,201 ISB-KHI,20,4264,3512,0.8236
2026,2026-02,2026-02-01,205 ISB-KHI,24,4811,4114,0.8551
2026,2026-02,2026-02-01,206 KHI-ISB,24,4863,4286,0.8813
2026,2026-02,2026-02-01,207 ISB-KHI,20,4178,3862,0.9244
2026,2026-02,2026-02-01,208 KHI-ISB,20,4132,3746,0.9066
2026,2026-02,2026-02-01,210 ISB-DXB,25,5820,5097,0.8758
2026,2026-02,2026-02-01,211 DXB-ISB,25,5820,3978,0.6835
2026,2026-02,2026-02-01,212 ISB-SHJ,10,2350,2195,0.934
2026,2026-02,2026-02-01,213 SHJ-ISB,10,2350,1243,0.5289
2026,2026-02,2026-02-01,216 ISB-DXB,17,3769,3458,0.9175
2026,2026-02,2026-02-01,2166 ISB-ISB,1,180,0,0
2026,2026-02,2026-02-01,217 DXB-ISB,17,3769,2143,0.5686
2026,2026-02,2026-02-01,230 ISB-AUH,13,3055,2725,0.892
2026,2026-02,2026-02-01,231 AUH-ISB,13,3055,1480,0.4845
2026,2026-02,2026-02-01,270 ISB-JED,16,2874,2561,0.8911
2026,2026-02,2026-02-01,271 JED-ISB,16,2874,2595,0.9029
2026,2026-02,2026-02-01,272 ISB-JED,12,2148,1988,0.9255
2026,2026-02,2026-02-01,273 JED-ISB,12,2148,1986,0.9246
2026,2026-02,2026-02-01,274 ISB-RUH,16,3041,2811,0.9244
2026,2026-02,2026-02-01,275 RUH-ISB,16,3041,2800,0.9207
2026,2026-02,2026-02-01,276 ISB-RUH,12,2213,2037,0.9205
2026,2026-02,2026-02-01,277 RUH-ISB,12,2207,2094,0.9488
2026,2026-02,2026-02-01,278 ISB-DMM,7,1645,1345,0.8176
2026,2026-02,2026-02-01,2788 ISB-ISB,1,235,0,0
2026,2026-02,2026-02-01,279 DMM-ISB,7,1645,1077,0.6547
2026,2026-02,2026-02-01,401 LHE-KHI,19,4020,3728,0.9274
2026,2026-02,2026-02-01,402 KHI-LHE,19,4006,3528,0.8807
2026,2026-02,2026-02-01,403 LHE-KHI,26,5376,4590,0.8538
2026,2026-02,2026-02-01,404 KHI-LHE,24,4924,3756,0.7628
2026,2026-02,2026-02-01,405 LHE-KHI,18,3780,3100,0.8201
2026,2026-02,2026-02-01,406 KHI-LHE,18,3840,3171,0.8258
2026,2026-02,2026-02-01,408 KHI-LHE,2,400,191,0.4775
2026,2026-02,2026-02-01,410 LHE-DXB,26,5594,5084,0.9088
2026,2026-02,2026-02-01,411 DXB-LHE,25,5412,3672,0.6785
2026,2026-02,2026-02-01,412 LHE-SHJ,14,3072,2885,0.9391
2026,2026-02,2026-02-01,413 SHJ-LHE,15,3292,1684,0.5115
2026,2026-02,2026-02-01,416 LHE-DXB,15,2900,2744,0.9462
2026,2026-02,2026-02-01,417 DXB-LHE,15,2900,1683,0.5803
2026,2026-02,2026-02-01,418 LHE-DXB,1,212,206,0.9717
2026,2026-02,2026-02-01,419 DXB-LHE,1,180,44,0.2444
2026,2026-02,2026-02-01,430 LHE-AUH,11,2340,2196,0.9385
2026,2026-02,2026-02-01,431 AUH-LHE,11,2340,1287,0.55
2026,2026-02,2026-02-01,470 LHE-JED,16,2868,2681,0.9348
2026,2026-02,2026-02-01,471 JED-LHE,16,2868,2308,0.8047
2026,2026-02,2026-02-01,472 LHE-JED,12,2160,2019,0.9347
2026,2026-02,2026-02-01,473 JED-LHE,12,2160,1784,0.8259
2026,2026-02,2026-02-01,474 LHE-RUH,12,2560,2336,0.9125
2026,2026-02,2026-02-01,475 RUH-LHE,12,2560,1867,0.7293
2026,2026-02,2026-02-01,702 ISB-KDU,13,2298,2196,0.9556
2026,2026-02,2026-02-01,703 KDU-ISB,13,2298,987,0.4295
2026,2026-02,2026-02-01,810 MUX-DXB,25,5452,5231,0.9595
2026,2026-02,2026-02-01,8100 MUX-MUX,1,220,0,0
2026,2026-02,2026-02-01,811 DXB-MUX,27,5846,3808,0.6514
2026,2026-02,2026-02-01,812 MUX-SHJ,17,3214,2970,0.9241
2026,2026-02,2026-02-01,8122 KHI-MUX,1,174,0,0
2026,2026-02,2026-02-01,8122 MUX-KHI,1,174,0,0
2026,2026-02,2026-02-01,813 SHJ-MUX,17,3214,1430,0.4449
2026,2026-02,2026-02-01,816 MUX-DXB,1,180,180,1
2026,2026-02,2026-02-01,870 MUX-JED,16,2988,2778,0.9297
2026,2026-02,2026-02-01,871 JED-MUX,16,2988,2398,0.8025
2026,2026-02,2026-02-01,872 MUX-JED,12,2262,2120,0.9372
2026,2026-02,2026-02-01,873 JED-MUX,12,2268,1843,0.8126
2026,2026-02,2026-02-01,TOTALS,996,204979,165718,0.8085
2026,2026-03,2026-03-01,110 KHI-DXB,2,424,116,0.2736
2026,2026-03,2026-03-01,111 DXB-KHI,2,424,397,0.9363
2026,2026-03,2026-03-01,170 KHI-JED,28,5960,5684,0.9537
2026,2026-03,2026-03-01,171 JED-KHI,28,5960,5851,0.9817
2026,2026-03,2026-03-01,172 KHI-JED,8,1696,1075,0.6338
2026,2026-03,2026-03-01,173 JED-KHI,8,1696,1671,0.9853
2026,2026-03,2026-03-01,174 KHI-JED,1,212,167,0.7877
2026,2026-03,2026-03-01,175 JED-KHI,1,212,207,0.9764
2026,2026-03,2026-03-01,200 KHI-ISB,12,2320,2261,0.9746
2026,2026-03,2026-03-01,201 ISB-KHI,12,2360,1671,0.7081
2026,2026-03,2026-03-01,205 ISB-KHI,12,2378,1539,0.6472
2026,2026-03,2026-03-01,206 KHI-ISB,12,2332,1941,0.8323
2026,2026-03,2026-03-01,207 ISB-KHI,17,3270,2409,0.7367
2026,2026-03,2026-03-01,208 KHI-ISB,19,3750,3553,0.9475
2026,2026-03,2026-03-01,212 ISB-SHJ,8,1820,1446,0.7945
2026,2026-03,2026-03-01,213 SHJ-ISB,8,1820,1734,0.9527
2026,2026-03,2026-03-01,216 ISB-DXB,13,2870,2300,0.8014
2026,2026-03,2026-03-01,217 DXB-ISB,13,2870,2711,0.9446
2026,2026-03,2026-03-01,230 ISB-AUH,6,1334,994,0.7451
2026,2026-03,2026-03-01,231 AUH-ISB,6,1334,1193,0.8943
2026,2026-03,2026-03-01,270 ISB-JED,16,2880,2475,0.8594
2026,2026-03,2026-03-01,271 JED-ISB,16,2880,2830,0.9826
2026,2026-03,2026-03-01,272 ISB-JED,15,2740,2385,0.8704
2026,2026-03,2026-03-01,273 JED-ISB,15,2740,2629,0.9595
2026,2026-03,2026-03-01,274 ISB-RUH,17,3098,2728,0.8806
2026,2026-03,2026-03-01,275 RUH-ISB,16,2924,2871,0.9819
2026,2026-03,2026-03-01,276 ISB-RUH,12,2296,1986,0.865
2026,2026-03,2026-03-01,277 RUH-ISB,13,2476,2402,0.9701
2026,2026-03,2026-03-01,278 ISB-DMM,5,1130,744,0.6584
2026,2026-03,2026-03-01,279 DMM-ISB,5,1130,1022,0.9044
2026,2026-03,2026-03-01,280 ISB-RUH,2,455,310,0.6813
2026,2026-03,2026-03-01,281 RUH-ISB,2,455,450,0.989
2026,2026-03,2026-03-01,282 ISB-JED,3,660,345,0.5227
2026,2026-03,2026-03-01,283 JED-ISB,3,660,564,0.8545
2026,2026-03,2026-03-01,284 ISB-RUH,4,885,608,0.687
2026,2026-03,2026-03-01,285 RUH-ISB,4,885,787,0.8893
2026,2026-03,2026-03-01,286 ISB-RUH,2,470,267,0.5681
2026,2026-03,2026-03-01,287 RUH-ISB,2,470,425,0.9043
2026,2026-03,2026-03-01,401 LHE-KHI,8,1620,1148,0.7086
2026,2026-03,2026-03-01,402 KHI-LHE,7,1446,1191,0.8237
2026,2026-03,2026-03-01,403 LHE-KHI,18,3610,2349,0.6507
2026,2026-03,2026-03-01,4033 LHE-LHE,1,220,0,0
2026,2026-03,2026-03-01,404 KHI-LHE,17,3390,2956,0.872
2026,2026-03,2026-03-01,405 LHE-KHI,14,2800,1881,0.6718
2026,2026-03,2026-03-01,406 KHI-LHE,14,2760,2348,0.8507
2026,2026-03,2026-03-01,410 LHE-DXB,2,400,220,0.55
2026,2026-03,2026-03-01,411 DXB-LHE,2,394,375,0.9518
2026,2026-03,2026-03-01,412 LHE-SHJ,5,1100,822,0.7473
2026,2026-03,2026-03-01,413 SHJ-LHE,5,1100,1066,0.9691
2026,2026-03,2026-03-01,416 LHE-DXB,10,2040,1610,0.7892
2026,2026-03,2026-03-01,417 DXB-LHE,10,2040,1960,0.9608
2026,2026-03,2026-03-01,430 LHE-AUH,6,1200,728,0.6067
2026,2026-03,2026-03-01,431 AUH-LHE,6,1200,1118,0.9317
2026,2026-03,2026-03-01,470 LHE-JED,15,2700,2395,0.887
2026,2026-03,2026-03-01,471 JED-LHE,15,2700,2663,0.9863
2026,2026-03,2026-03-01,472 LHE-JED,15,2700,2307,0.8544
2026,2026-03,2026-03-01,473 JED-LHE,15,2700,2641,0.9781
2026,2026-03,2026-03-01,474 LHE-RUH,12,2354,2043,0.8679
2026,2026-03,2026-03-01,475 RUH-LHE,12,2354,2290,0.9728
2026,2026-03,2026-03-01,476 LHE-JED,5,900,534,0.5933
2026,2026-03,2026-03-01,477 JED-LHE,5,900,887,0.9856
2026,2026-03,2026-03-01,482 LHE-JED,1,220,116,0.5273
2026,2026-03,2026-03-01,483 JED-LHE,1,220,176,0.8
2026,2026-03,2026-03-01,701 KDU-KHI,1,180,26,0.1444
2026,2026-03,2026-03-01,702 ISB-KDU,7,1236,1139,0.9215
2026,2026-03,2026-03-01,703 KDU-ISB,6,1056,393,0.3722
2026,2026-03,2026-03-01,704 LHE-KDU,1,180,130,0.7222
2026,2026-03,2026-03-01,705 KDU-LHE,1,180,100,0.5556
2026,2026-03,2026-03-01,810 MUX-DXB,1,174,164,0.9425
2026,2026-03,2026-03-01,811 DXB-MUX,1,180,177,0.9833
2026,2026-03,2026-03-01,812 MUX-SHJ,10,1788,1345,0.7522
2026,2026-03,2026-03-01,813 SHJ-MUX,10,1788,1757,0.9827
2026,2026-03,2026-03-01,870 MUX-JED,16,2838,2638,0.9295
2026,2026-03,2026-03-01,871 JED-MUX,16,2838,2798,0.9859
2026,2026-03,2026-03-01,872 MUX-JED,13,2310,2116,0.916
2026,2026-03,2026-03-01,873 JED-MUX,14,2484,2436,0.9807
2026,2026-03,2026-03-01,TOTALS,686,134576,115791,0.8604
2026,2026-04,2026-04-01,110 KHI-DXB,4,856,631,0.7371
2026,2026-04,2026-04-01,111 DXB-KHI,4,856,484,0.5654
2026,2026-04,2026-04-01,172 KHI-JED,17,3604,1780,0.4939
2026,2026-04,2026-04-01,173 JED-KHI,17,3604,3545,0.9836
2026,2026-04,2026-04-01,1760 KHI-MED,1,212,169,0.7972
2026,2026-04,2026-04-01,1762 KHI-MED,1,212,173,0.816
2026,2026-04,2026-04-01,200 KHI-ISB,25,5278,3849,0.7293
2026,2026-04,2026-04-01,201 ISB-KHI,21,4438,3038,0.6845
2026,2026-04,2026-04-01,207 ISB-KHI,30,6140,5162,0.8407
2026,2026-04,2026-04-01,208 KHI-ISB,28,5740,4462,0.7774
2026,2026-04,2026-04-01,210 ISB-DXB,3,675,614,0.9096
2026,2026-04,2026-04-01,211 DXB-ISB,3,675,661,0.9793
2026,2026-04,2026-04-01,212 ISB-SHJ,11,2479,2223,0.8967
2026,2026-04,2026-04-01,213 SHJ-ISB,11,2479,2251,0.908
2026,2026-04,2026-04-01,216 ISB-DXB,23,5345,4944,0.925
2026,2026-04,2026-04-01,217 DXB-ISB,23,5345,4866,0.9104
2026,2026-04,2026-04-01,218 ISB-DXB,1,235,178,0.7574
2026,2026-04,2026-04-01,219 DXB-ISB,1,235,226,0.9617
2026,2026-04,2026-04-01,230 ISB-AUH,11,2515,2166,0.8612
2026,2026-04,2026-04-01,231 AUH-ISB,11,2515,2202,0.8755
2026,2026-04,2026-04-01,272 ISB-JED,16,3215,1998,0.6215
2026,2026-04,2026-04-01,273 JED-ISB,17,3395,2934,0.8642
2026,2026-04,2026-04-01,274 ISB-RUH,21,3980,3446,0.8658
2026,2026-04,2026-04-01,275 RUH-ISB,21,3934,3633,0.9235
2026,2026-04,2026-04-01,2760 ISB-MED,1,180,158,0.8778
2026,2026-04,2026-04-01,2762 ISB-MED,1,220,158,0.7182
2026,2026-04,2026-04-01,2764 ISB-MED,1,180,158,0.8778
2026,2026-04,2026-04-01,278 ISB-DMM,9,2015,1546,0.7672
2026,2026-04,2026-04-01,279 DMM-ISB,9,2015,1684,0.8357
2026,2026-04,2026-04-01,284 ISB-RUH,10,2180,1771,0.8124
2026,2026-04,2026-04-01,285 RUH-ISB,10,2180,1785,0.8188
2026,2026-04,2026-04-01,286 ISB-RUH,4,925,702,0.7589
2026,2026-04,2026-04-01,287 RUH-ISB,4,925,750,0.8108
2026,2026-04,2026-04-01,401 LHE-KHI,22,4432,3189,0.7195
2026,2026-04,2026-04-01,402 KHI-LHE,22,4384,3102,0.7076
2026,2026-04,2026-04-01,405 LHE-KHI,28,5352,4166,0.7784
2026,2026-04,2026-04-01,406 KHI-LHE,27,5180,3901,0.7531
2026,2026-04,2026-04-01,410 LHE-DXB,1,180,140,0.7778
2026,2026-04,2026-04-01,411 DXB-LHE,1,180,45,0.25
2026,2026-04,2026-04-01,412 LHE-SHJ,9,1940,1789,0.9222
2026,2026-04,2026-04-01,413 SHJ-LHE,9,1940,1448,0.7464
2026,2026-04,2026-04-01,416 LHE-DXB,15,2860,2586,0.9042
2026,2026-04,2026-04-01,417 DXB-LHE,15,2860,2403,0.8402
2026,2026-04,2026-04-01,430 LHE-AUH,11,2300,1932,0.84
2026,2026-04,2026-04-01,431 AUH-LHE,11,2300,1408,0.6122
2026,2026-04,2026-04-01,472 LHE-JED,16,2880,2195,0.7622
2026,2026-04,2026-04-01,473 JED-LHE,17,3060,2897,0.9467
2026,2026-04,2026-04-01,474 LHE-RUH,13,2340,2032,0.8684
2026,2026-04,2026-04-01,475 RUH-LHE,13,2340,2183,0.9329
2026,2026-04,2026-04-01,4760 LHE-MED,1,180,155,0.8611
2026,2026-04,2026-04-01,4762 LHE-MED,1,180,153,0.85
2026,2026-04,2026-04-01,478 LHE-DMM,9,1860,1413,0.7597
2026,2026-04,2026-04-01,479 DMM-LHE,8,1640,1432,0.8732
2026,2026-04,2026-04-01,484 LHE-RUH,4,720,614,0.8528
2026,2026-04,2026-04-01,485 RUH-LHE,4,720,706,0.9806
2026,2026-04,2026-04-01,702 ISB-KDU,27,4830,4173,0.864
2026,2026-04,2026-04-01,703 KDU-ISB,27,4830,3138,0.6497
2026,2026-04,2026-04-01,704 LHE-KDU,19,3420,2563,0.7494
2026,2026-04,2026-04-01,705 KDU-LHE,19,3420,2267,0.6629
2026,2026-04,2026-04-01,810 MUX-DXB,5,900,741,0.8233
2026,2026-04,2026-04-01,811 DXB-MUX,5,900,841,0.9344
2026,2026-04,2026-04-01,812 MUX-SHJ,10,1800,1722,0.9567
2026,2026-04,2026-04-01,813 SHJ-MUX,10,1800,1720,0.9556
2026,2026-04,2026-04-01,816 MUX-DXB,1,180,167,0.9278
2026,2026-04,2026-04-01,817 DXB-MUX,1,180,135,0.75
2026,2026-04,2026-04-01,870 MUX-JED,7,1260,1092,0.8667
2026,2026-04,2026-04-01,871 JED-MUX,7,1260,1174,0.9317
2026,2026-04,2026-04-01,872 MUX-JED,10,1800,1493,0.8294
2026,2026-04,2026-04-01,873 JED-MUX,10,1800,1685,0.9361
2026,2026-04,2026-04-01,876 MUX-MED,6,1080,918,0.85
2026,2026-04,2026-04-01,877 MED-MUX,6,1080,778,0.7204
2026,2026-04,2026-04-01,TOTALS,797,159150,128843,0.8096
2026,2026-05,2026-05-01,110 KHI-DXB,22,4640,1911,0.4119
2026,2026-05,2026-05-01,111 DXB-KHI,22,4640,3591,0.7739
2026,2026-05,2026-05-01,116 KHI-DXB,1,212,35,0.1651
2026,2026-05,2026-05-01,117 DXB-KHI,1,212,210,0.9906
2026,2026-05,2026-05-01,170 KHI-JED,2,392,340,0.8673
2026,2026-05,2026-05-01,171 JED-KHI,2,392,167,0.426
2026,2026-05,2026-05-01,172 KHI-JED,12,2544,1966,0.7728
2026,2026-05,2026-05-01,173 JED-KHI,12,2544,532,0.2091
2026,2026-05,2026-05-01,174 KHI-JED,2,424,328,0.7736
2026,2026-05,2026-05-01,175 JED-KHI,2,424,99,0.2335
2026,2026-05,2026-05-01,176 KHI-MED,1,180,166,0.9222
2026,2026-05,2026-05-01,1760 KHI-MED,3,636,505,0.794
2026,2026-05,2026-05-01,1761 MED-KHI,1,212,8,0.0377
2026,2026-05,2026-05-01,1762 KHI-MED,1,212,164,0.7736
2026,2026-05,2026-05-01,1763 MED-KHI,1,212,3,0.0142
2026,2026-05,2026-05-01,177 MED-KHI,1,180,14,0.0778
2026,2026-05,2026-05-01,200 KHI-ISB,23,5002,4903,0.9802
2026,2026-05,2026-05-01,201 ISB-KHI,24,5190,4788,0.9225
2026,2026-05,2026-05-01,205 ISB-KHI,1,220,217,0.9864
2026,2026-05,2026-05-01,206 KHI-ISB,1,220,221,1.0045
2026,2026-05,2026-05-01,207 ISB-KHI,28,5806,5276,0.9087
2026,2026-05,2026-05-01,208 KHI-ISB,28,5814,5608,0.9646
2026,2026-05,2026-05-01,210 ISB-DXB,5,1175,112,0.0953
2026,2026-05,2026-05-01,211 DXB-ISB,5,1175,1154,0.9821
2026,2026-05,2026-05-01,212 ISB-SHJ,14,3190,1947,0.6103
2026,2026-05,2026-05-01,213 SHJ-ISB,14,3190,3100,0.9718
2026,2026-05,2026-05-01,214 ISB-DXB,2,470,430,0.9149
2026,2026-05,2026-05-01,215 DXB-ISB,1,235,226,0.9617
2026,2026-05,2026-05-01,216 ISB-DXB,29,6530,4092,0.6266
2026,2026-05,2026-05-01,217 DXB-ISB,29,6530,6310,0.9663
2026,2026-05,2026-05-01,218 ISB-DXB,2,470,431,0.917
2026,2026-05,2026-05-01,219 DXB-ISB,3,705,675,0.9574
2026,2026-05,2026-05-01,230 ISB-AUH,12,2690,1651,0.6138
2026,2026-05,2026-05-01,231 AUH-ISB,12,2690,2506,0.9316
2026,2026-05,2026-05-01,270 ISB-JED,1,220,148,0.6727
2026,2026-05,2026-05-01,271 JED-ISB,1,220,161,0.7318
2026,2026-05,2026-05-01,272 ISB-JED,20,4040,2547,0.6304
2026,2026-05,2026-05-01,273 JED-ISB,19,3780,2340,0.619
2026,2026-05,2026-05-01,274 ISB-RUH,21,3898,3286,0.843
2026,2026-05,2026-05-01,275 RUH-ISB,21,3944,3615,0.9166
2026,2026-05,2026-05-01,276 ISB-RUH,2,400,301,0.7525
2026,2026-05,2026-05-01,2760 ISB-MED,1,180,160,0.8889
2026,2026-05,2026-05-01,2762 ISB-MED,2,360,315,0.875
2026,2026-05,2026-05-01,2763 MED-ISB,1,180,22,0.1222
2026,2026-05,2026-05-01,2764 ISB-MED,1,180,149,0.8278
2026,2026-05,2026-05-01,2765 MED-ISB,1,180,72,0.4
2026,2026-05,2026-05-01,277 RUH-ISB,2,400,357,0.8925
2026,2026-05,2026-05-01,278 ISB-DMM,9,1780,1100,0.618
2026,2026-05,2026-05-01,279 DMM-ISB,9,1780,1596,0.8966
2026,2026-05,2026-05-01,284 ISB-RUH,8,1588,1275,0.8029
2026,2026-05,2026-05-01,285 RUH-ISB,8,1588,1433,0.9024
2026,2026-05,2026-05-01,401 LHE-KHI,25,5012,4677,0.9332
2026,2026-05,2026-05-01,402 KHI-LHE,26,5224,5027,0.9623
2026,2026-05,2026-05-01,405 LHE-KHI,25,4876,4406,0.9036
2026,2026-05,2026-05-01,406 KHI-LHE,24,4664,4451,0.9543
2026,2026-05,2026-05-01,410 LHE-DXB,20,4240,1723,0.4064
2026,2026-05,2026-05-01,411 DXB-LHE,20,4280,3917,0.9152
2026,2026-05,2026-05-01,412 LHE-SHJ,10,2080,951,0.4572
2026,2026-05,2026-05-01,413 SHJ-LHE,10,2080,1664,0.8
2026,2026-05,2026-05-01,414 LHE-DXB,1,220,65,0.2955
2026,2026-05,2026-05-01,415 DXB-LHE,1,220,211,0.9591
2026,2026-05,2026-05-01,416 LHE-DXB,3,620,528,0.8516
2026,2026-05,2026-05-01,417 DXB-LHE,3,620,449,0.7242
2026,2026-05,2026-05-01,418 LHE-DXB,1,180,164,0.9111
2026,2026-05,2026-05-01,419 DXB-LHE,1,180,126,0.7
2026,2026-05,2026-05-01,430 LHE-AUH,10,2072,773,0.3731
2026,2026-05,2026-05-01,431 AUH-LHE,10,2072,1626,0.7847
2026,2026-05,2026-05-01,468 LHE-GYD,8,1440,1105,0.7674
2026,2026-05,2026-05-01,469 GYD-LHE,8,1440,992,0.6889
2026,2026-05,2026-05-01,470 LHE-JED,8,1520,1209,0.7954
2026,2026-05,2026-05-01,471 JED-LHE,3,620,215,0.3468
2026,2026-05,2026-05-01,472 LHE-JED,12,2280,1357,0.5952
2026,2026-05,2026-05-01,473 JED-LHE,17,3220,1539,0.478
2026,2026-05,2026-05-01,474 LHE-RUH,13,2452,1928,0.7863
2026,2026-05,2026-05-01,475 RUH-LHE,13,2452,2254,0.9192
2026,2026-05,2026-05-01,476 LHE-MED,1,220,154,0.7
2026,2026-05,2026-05-01,4760 LHE-MED,2,400,306,0.765
2026,2026-05,2026-05-01,4761 MED-LHE,1,220,43,0.1955
2026,2026-05,2026-05-01,4762 LHE-MED,1,180,155,0.8611
2026,2026-05,2026-05-01,4764 LHE-MED,1,220,155,0.7045
2026,2026-05,2026-05-01,4765 MED-LHE,1,220,89,0.4045
2026,2026-05,2026-05-01,478 LHE-DMM,9,1620,1136,0.7012
2026,2026-05,2026-05-01,479 DMM-LHE,10,1840,1659,0.9016
2026,2026-05,2026-05-01,484 LHE-RUH,4,872,595,0.6823
2026,2026-05,2026-05-01,485 RUH-LHE,4,872,779,0.8933
2026,2026-05,2026-05-01,702 ISB-KDU,29,5178,4882,0.9428
2026,2026-05,2026-05-01,703 KDU-ISB,29,5178,3835,0.7406
2026,2026-05,2026-05-01,704 LHE-KDU,18,3234,2671,0.8259
2026,2026-05,2026-05-01,705 KDU-LHE,18,3234,2212,0.684
2026,2026-05,2026-05-01,810 MUX-DXB,15,3235,1707,0.5277
2026,2026-05,2026-05-01,811 DXB-MUX,15,3195,2855,0.8936
2026,2026-05,2026-05-01,812 MUX-SHJ,17,3460,1838,0.5312
2026,2026-05,2026-05-01,813 SHJ-MUX,17,3460,3251,0.9396
2026,2026-05,2026-05-01,816 MUX-DXB,2,400,237,0.5925
2026,2026-05,2026-05-01,817 DXB-MUX,2,400,395,0.9875
2026,2026-05,2026-05-01,870 MUX-JED,5,1020,681,0.6676
2026,2026-05,2026-05-01,871 JED-MUX,3,660,483,0.7318
2026,2026-05,2026-05-01,872 MUX-JED,9,1860,1124,0.6043
2026,2026-05,2026-05-01,873 JED-MUX,10,2040,1580,0.7745
2026,2026-05,2026-05-01,876 MUX-MED,2,440,218,0.4955
2026,2026-05,2026-05-01,877 MED-MUX,3,660,432,0.6545
2026,2026-05,2026-05-01,TOTALS,946,192458,147392,0.7658
2026,2026-06,2026-06-01,110 KHI-DXB,27,5710,5352,0.9373
2026,2026-06,2026-06-01,111 DXB-KHI,27,5710,1691,0.2961
2026,2026-06,2026-06-01,116 KHI-DXB,1,212,180,0.8491
2026,2026-06,2026-06-01,117 DXB-KHI,1,212,44,0.2075
2026,2026-06,2026-06-01,170 KHI-JED,1,220,174,0.7909
2026,2026-06,2026-06-01,171 JED-KHI,2,400,338,0.845
2026,2026-06,2026-06-01,172 KHI-JED,12,2552,2180,0.8542
2026,2026-06,2026-06-01,173 JED-KHI,12,2552,1478,0.5792
2026,2026-06,2026-06-01,176 KHI-MED,1,220,156,0.7091
2026,2026-06,2026-06-01,1760 KHI-MED,6,1272,928,0.7296
2026,2026-06,2026-06-01,1761 MED-KHI,6,1272,949,0.7461
2026,2026-06,2026-06-01,1762 KHI-MED,6,1248,1067,0.855
2026,2026-06,2026-06-01,1763 MED-KHI,6,1248,996,0.7981
2026,2026-06,2026-06-01,1764 KHI-MED,3,636,612,0.9623
2026,2026-06,2026-06-01,1765 MED-KHI,2,424,313,0.7382
2026,2026-06,2026-06-01,1766 KHI-MED,2,392,327,0.8342
2026,2026-06,2026-06-01,1767 MED-KHI,1,212,159,0.75
2026,2026-06,2026-06-01,177 MED-KHI,1,180,162,0.9
2026,2026-06,2026-06-01,200 KHI-ISB,29,5951,5535,0.9301
2026,2026-06,2026-06-01,201 ISB-KHI,30,6079,5626,0.9255
2026,2026-06,2026-06-01,204 KHI-ISB,1,174,137,0.7874
2026,2026-06,2026-06-01,205 ISB-KHI,1,212,194,0.9151
2026,2026-06,2026-06-01,206 KHI-ISB,1,220,219,0.9955
2026,2026-06,2026-06-01,207 ISB-KHI,28,5640,5150,0.9131
2026,2026-06,2026-06-01,208 KHI-ISB,26,5154,4730,0.9177
2026,2026-06,2026-06-01,210 ISB-DXB,17,3980,3923,0.9857
2026,2026-06,2026-06-01,211 DXB-ISB,17,3980,2388,0.6
2026,2026-06,2026-06-01,212 ISB-SHJ,13,2939,2818,0.9588
2026,2026-06,2026-06-01,213 SHJ-ISB,13,2939,1407,0.4787
2026,2026-06,2026-06-01,216 ISB-DXB,30,6919,6673,0.9644
2026,2026-06,2026-06-01,217 DXB-ISB,30,6919,3137,0.4534
2026,2026-06,2026-06-01,218 ISB-DXB,12,2820,2652,0.9404
2026,2026-06,2026-06-01,219 DXB-ISB,12,2820,1698,0.6021
2026,2026-06,2026-06-01,230 ISB-AUH,13,2955,2808,0.9503
2026,2026-06,2026-06-01,231 AUH-ISB,13,2955,1469,0.4971
2026,2026-06,2026-06-01,270 ISB-JED,1,174,170,0.977
2026,2026-06,2026-06-01,272 ISB-JED,12,2198,2051,0.9331
2026,2026-06,2026-06-01,273 JED-ISB,13,2418,1888,0.7808
2026,2026-06,2026-06-01,274 ISB-RUH,21,3824,3635,0.9506
2026,2026-06,2026-06-01,275 RUH-ISB,21,3763,3518,0.9349
2026,2026-06,2026-06-01,2760 ISB-MED,5,888,864,0.973
2026,2026-06,2026-06-01,2761 MED-ISB,5,888,740,0.8333
2026,2026-06,2026-06-01,2762 ISB-MED,5,894,847,0.9474
2026,2026-06,2026-06-01,2763 MED-ISB,5,894,727,0.8132
2026,2026-06,2026-06-01,2764 ISB-MED,5,882,835,0.9467
2026,2026-06,2026-06-01,2765 MED-ISB,5,882,760,0.8617
2026,2026-06,2026-06-01,2766 ISB-ISB,1,180,0,0
2026,2026-06,2026-06-01,2766 ISB-MED,1,174,172,0.9885
2026,2026-06,2026-06-01,2767 MED-ISB,2,386,156,0.4041
2026,2026-06,2026-06-01,278 ISB-DMM,8,1489,1378,0.9255
2026,2026-06,2026-06-01,279 DMM-ISB,8,1489,634,0.4258
2026,2026-06,2026-06-01,284 ISB-RUH,5,882,875,0.9921
2026,2026-06,2026-06-01,285 RUH-ISB,5,882,838,0.9501
2026,2026-06,2026-06-01,401 LHE-KHI,26,5458,4783,0.8763
2026,2026-06,2026-06-01,402 KHI-LHE,26,5498,4614,0.8392
2026,2026-06,2026-06-01,405 LHE-KHI,25,4966,4524,0.911
2026,2026-06,2026-06-01,406 KHI-LHE,25,4886,4333,0.8868
2026,2026-06,2026-06-01,410 LHE-DXB,21,4564,4435,0.9717
2026,2026-06,2026-06-01,411 DXB-LHE,20,4344,2121,0.4883
2026,2026-06,2026-06-01,412 LHE-SHJ,11,2172,2109,0.971
2026,2026-06,2026-06-01,413 SHJ-LHE,11,2172,563,0.2592
2026,2026-06,2026-06-01,418 LHE-DXB,9,1940,1886,0.9722
2026,2026-06,2026-06-01,419 DXB-LHE,10,2160,887,0.4106
2026,2026-06,2026-06-01,430 LHE-AUH,8,1544,1452,0.9404
2026,2026-06,2026-06-01,431 AUH-LHE,8,1544,541,0.3504
2026,2026-06,2026-06-01,468 LHE-GYD,8,1440,1352,0.9389
2026,2026-06,2026-06-01,469 GYD-LHE,8,1440,1119,0.7771
2026,2026-06,2026-06-01,470 LHE-JED,1,180,179,0.9944
2026,2026-06,2026-06-01,472 LHE-JED,14,2520,2420,0.9603
2026,2026-06,2026-06-01,473 JED-LHE,14,2520,1800,0.7143
2026,2026-06,2026-06-01,474 LHE-RUH,13,2454,2264,0.9226
2026,2026-06,2026-06-01,475 RUH-LHE,13,2454,1603,0.6532
2026,2026-06,2026-06-01,476 LHE-MED,1,180,167,0.9278
2026,2026-06,2026-06-01,4760 LHE-MED,5,940,858,0.9128
2026,2026-06,2026-06-01,4761 MED-LHE,5,940,746,0.7936
2026,2026-06,2026-06-01,4762 LHE-MED,4,720,688,0.9556
2026,2026-06,2026-06-01,4763 MED-LHE,4,720,604,0.8389
2026,2026-06,2026-06-01,4764 LHE-MED,4,720,681,0.9458
2026,2026-06,2026-06-01,4765 MED-LHE,4,720,581,0.8069
2026,2026-06,2026-06-01,4767 MED-LHE,1,180,152,0.8444
2026,2026-06,2026-06-01,477 MED-LHE,1,180,123,0.6833
2026,2026-06,2026-06-01,478 LHE-DMM,8,1440,1395,0.9688
2026,2026-06,2026-06-01,479 DMM-LHE,8,1440,647,0.4493
2026,2026-06,2026-06-01,702 ISB-KDU,21,3714,3449,0.9286
2026,2026-06,2026-06-01,703 KDU-ISB,21,3714,3096,0.8336
2026,2026-06,2026-06-01,704 LHE-KDU,18,3228,3070,0.9511
2026,2026-06,2026-06-01,705 KDU-LHE,18,3228,2826,0.8755
2026,2026-06,2026-06-01,810 MUX-DXB,30,6504,6250,0.9609
2026,2026-06,2026-06-01,811 DXB-MUX,30,6504,2938,0.4517
2026,2026-06,2026-06-01,812 MUX-SHJ,16,3320,3191,0.9611
2026,2026-06,2026-06-01,813 SHJ-MUX,16,3320,1180,0.3554
2026,2026-06,2026-06-01,870 MUX-JED,11,2340,2106,0.9
2026,2026-06,2026-06-01,871 JED-MUX,10,2120,1535,0.7241
2026,2026-06,2026-06-01,872 MUX-JED,12,2480,2194,0.8847
2026,2026-06,2026-06-01,873 JED-MUX,13,2700,1956,0.7244
2026,2026-06,2026-06-01,876 MUX-MED,8,1640,1417,0.864
2026,2026-06,2026-06-01,8760 MUX-MED,1,220,189,0.8591
2026,2026-06,2026-06-01,8761 MED-MUX,1,220,0,0
2026,2026-06,2026-06-01,877 MED-MUX,8,1680,1210,0.7202
2026,2026-06,2026-06-01,TOTALS,1081,219883,173992,0.7913
2026,2026-07,2026-07-01,110 KHI-DXB,31,6732,6373,0.9467
2026,2026-07,2026-07-01,111 DXB-KHI,31,6732,4051,0.6018
2026,2026-07,2026-07-01,170 KHI-JED,31,6748,6407,0.9495
2026,2026-07,2026-07-01,171 JED-KHI,31,6748,5788,0.8577
2026,2026-07,2026-07-01,200 KHI-ISB,28,5150,4786,0.9293
2026,2026-07,2026-07-01,201 ISB-KHI,28,5066,4839,0.9552
2026,2026-07,2026-07-01,206 KHI-ISB,1,180,117,0.65
2026,2026-07,2026-07-01,207 ISB-KHI,28,5303,5093,0.9604
2026,2026-07,2026-07-01,208 KHI-ISB,27,5045,4511,0.8942
2026,2026-07,2026-07-01,210 ISB-DXB,25,5805,4718,0.8127
2026,2026-07,2026-07-01,211 DXB-ISB,25,5805,4362,0.7514
2026,2026-07,2026-07-01,212 ISB-SHJ,13,2814,2598,0.9232
2026,2026-07,2026-07-01,213 SHJ-ISB,13,2814,1772,0.6297
2026,2026-07,2026-07-01,214 ISB-DXB,2,409,406,0.9927
2026,2026-07,2026-07-01,215 DXB-ISB,3,589,347,0.5891
2026,2026-07,2026-07-01,216 ISB-DXB,29,6485,6062,0.9348
2026,2026-07,2026-07-01,2160 ISB-ISB,1,235,0,0
2026,2026-07,2026-07-01,217 DXB-ISB,28,6305,4271,0.6774
2026,2026-07,2026-07-01,218 ISB-DXB,5,1152,1113,0.9661
2026,2026-07,2026-07-01,219 DXB-ISB,5,1152,1137,0.987
2026,2026-07,2026-07-01,230 ISB-AUH,10,2295,1844,0.8035
2026,2026-07,2026-07-01,231 AUH-ISB,10,2295,1538,0.6702
2026,2026-07,2026-07-01,270 ISB-JED,31,5562,5381,0.9675
2026,2026-07,2026-07-01,271 JED-ISB,31,5556,4802,0.8643
2026,2026-07,2026-07-01,274 ISB-RUH,21,3781,3671,0.9709
2026,2026-07,2026-07-01,275 RUH-ISB,21,3836,3502,0.9129
2026,2026-07,2026-07-01,278 ISB-DMM,9,2115,1925,0.9102
2026,2026-07,2026-07-01,2780 ISB-ISB,2,470,0,0
2026,2026-07,2026-07-01,279 DMM-ISB,9,2115,782,0.3697
2026,2026-07,2026-07-01,284 ISB-RUH,9,1584,1536,0.9697
2026,2026-07,2026-07-01,285 RUH-ISB,9,1584,1397,0.8819
2026,2026-07,2026-07-01,401 LHE-KHI,23,4686,4441,0.9477
2026,2026-07,2026-07-01,402 KHI-LHE,22,4484,4012,0.8947
2026,2026-07,2026-07-01,405 LHE-KHI,27,5088,4853,0.9538
2026,2026-07,2026-07-01,406 KHI-LHE,28,5330,4888,0.9171
2026,2026-07,2026-07-01,4066 KHI-KHI,1,220,0,0
2026,2026-07,2026-07-01,408 KHI-LHE,1,174,172,0.9885
2026,2026-07,2026-07-01,410 LHE-DXB,28,6040,5126,0.8487
2026,2026-07,2026-07-01,411 DXB-LHE,28,6040,3981,0.6591
2026,2026-07,2026-07-01,412 LHE-SHJ,13,2542,2150,0.8458
2026,2026-07,2026-07-01,413 SHJ-LHE,13,2542,991,0.3899
2026,2026-07,2026-07-01,418 LHE-DXB,3,612,547,0.8938
2026,2026-07,2026-07-01,419 DXB-LHE,3,612,542,0.8856
2026,2026-07,2026-07-01,430 LHE-AUH,8,1560,1106,0.709
2026,2026-07,2026-07-01,431 AUH-LHE,8,1560,850,0.5449
2026,2026-07,2026-07-01,468 LHE-GYD,9,1620,1549,0.9562
2026,2026-07,2026-07-01,469 GYD-LHE,9,1620,1458,0.9
2026,2026-07,2026-07-01,470 LHE-JED,31,5910,5546,0.9384
2026,2026-07,2026-07-01,471 JED-LHE,31,5916,5050,0.8536
2026,2026-07,2026-07-01,474 LHE-RUH,14,2580,2413,0.9353
2026,2026-07,2026-07-01,475 RUH-LHE,13,2400,1560,0.65
2026,2026-07,2026-07-01,478 LHE-DMM,9,1680,1608,0.9571
2026,2026-07,2026-07-01,479 DMM-LHE,9,1680,896,0.5333
2026,2026-07,2026-07-01,702 ISB-KDU,28,4950,4536,0.9164
2026,2026-07,2026-07-01,703 KDU-ISB,28,4950,4681,0.9457
2026,2026-07,2026-07-01,704 LHE-KDU,19,3384,3079,0.9099
2026,2026-07,2026-07-01,705 KDU-LHE,19,3384,3234,0.9557
2026,2026-07,2026-07-01,810 MUX-DXB,31,6724,6386,0.9497
2026,2026-07,2026-07-01,811 DXB-MUX,31,6724,3234,0.481
2026,2026-07,2026-07-01,812 MUX-SHJ,18,3960,3841,0.9699
2026,2026-07,2026-07-01,813 SHJ-MUX,18,3960,1185,0.2992
2026,2026-07,2026-07-01,870 MUX-JED,18,3960,3458,0.8732
2026,2026-07,2026-07-01,871 JED-MUX,18,3960,2666,0.6732
2026,2026-07,2026-07-01,872 MUX-JED,14,3080,2685,0.8718
2026,2026-07,2026-07-01,873 JED-MUX,13,2860,2015,0.7045
2026,2026-07,2026-07-01,TOTALS,1133,229254,189868,0.8282
2026,2026-08,2026-08-01,110 KHI-DXB,29,6252,5637,0.9016
2026,2026-08,2026-08-01,111 DXB-KHI,28,6040,2845,0.471
2026,2026-08,2026-08-01,117 DXB-KHI,1,212,67,0.316
2026,2026-08,2026-08-01,170 KHI-JED,31,6604,5952,0.9013
2026,2026-08,2026-08-01,171 JED-KHI,31,6604,5506,0.8337
2026,2026-08,2026-08-01,200 KHI-ISB,27,5366,4744,0.8841
2026,2026-08,2026-08-01,201 ISB-KHI,28,5586,5195,0.93
2026,2026-08,2026-08-01,206 KHI-ISB,1,220,194,0.8818
2026,2026-08,2026-08-01,207 ISB-KHI,26,5157,4739,0.9189
2026,2026-08,2026-08-01,208 KHI-ISB,27,5371,4722,0.8792
2026,2026-08,2026-08-01,210 ISB-DXB,29,6800,6222,0.915
2026,2026-08,2026-08-01,211 DXB-ISB,28,6565,3080,0.4692
2026,2026-08,2026-08-01,212 ISB-SHJ,12,2820,2630,0.9326
2026,2026-08,2026-08-01,213 SHJ-ISB,12,2820,801,0.284
2026,2026-08,2026-08-01,215 DXB-ISB,1,235,11,0.0468
2026,2026-08,2026-08-01,216 ISB-DXB,27,6345,5953,0.9382
2026,2026-08,2026-08-01,217 DXB-ISB,26,6110,2260,0.3699
2026,2026-08,2026-08-01,218 ISB-DXB,4,940,889,0.9457
2026,2026-08,2026-08-01,219 DXB-ISB,5,1175,482,0.4102
2026,2026-08,2026-08-01,230 ISB-AUH,12,2820,2508,0.8894
2026,2026-08,2026-08-01,231 AUH-ISB,12,2820,711,0.2521
2026,2026-08,2026-08-01,270 ISB-JED,31,6236,5375,0.8619
2026,2026-08,2026-08-01,271 JED-ISB,31,6196,4783,0.7719
2026,2026-08,2026-08-01,274 ISB-RUH,22,4282,3858,0.901
2026,2026-08,2026-08-01,275 RUH-ISB,23,4462,3804,0.8525
2026,2026-08,2026-08-01,278 ISB-DMM,9,2060,1651,0.8015
2026,2026-08,2026-08-01,279 DMM-ISB,9,2060,891,0.4325
2026,2026-08,2026-08-01,284 ISB-RUH,9,1651,1520,0.9207
2026,2026-08,2026-08-01,285 RUH-ISB,8,1477,1192,0.807
2026,2026-08,2026-08-01,401 LHE-KHI,16,3212,2862,0.891
2026,2026-08,2026-08-01,402 KHI-LHE,16,3212,2987,0.93
2026,2026-08,2026-08-01,405 LHE-KHI,26,5006,4544,0.9077
2026,2026-08,2026-08-01,406 KHI-LHE,26,5012,4480,0.8939
2026,2026-08,2026-08-01,410 LHE-DXB,26,5664,5464,0.9647
2026,2026-08,2026-08-01,411 DXB-LHE,24,5224,2838,0.5433
2026,2026-08,2026-08-01,412 LHE-SHJ,11,2074,2002,0.9653
2026,2026-08,2026-08-01,413 SHJ-LHE,11,2074,618,0.298
2026,2026-08,2026-08-01,416 LHE-DXB,13,2495,2412,0.9667
2026,2026-08,2026-08-01,417 DXB-LHE,13,2495,1220,0.489
2026,2026-08,2026-08-01,418 LHE-DXB,3,644,636,0.9876
2026,2026-08,2026-08-01,419 DXB-LHE,4,864,382,0.4421
2026,2026-08,2026-08-01,430 LHE-AUH,9,1814,1497,0.8252
2026,2026-08,2026-08-01,431 AUH-LHE,9,1814,554,0.3054
2026,2026-08,2026-08-01,468 LHE-GYD,12,2148,1863,0.8673
2026,2026-08,2026-08-01,469 GYD-LHE,12,2148,1691,0.7872
2026,2026-08,2026-08-01,470 LHE-JED,31,5842,5344,0.9148
2026,2026-08,2026-08-01,471 JED-LHE,31,5836,4919,0.8429
2026,2026-08,2026-08-01,474 LHE-RUH,13,2400,2218,0.9242
2026,2026-08,2026-08-01,475 RUH-LHE,13,2400,1902,0.7925
2026,2026-08,2026-08-01,478 LHE-DMM,9,1654,1552,0.9383
2026,2026-08,2026-08-01,479 DMM-LHE,9,1654,991,0.5992
2026,2026-08,2026-08-01,702 ISB-KDU,25,4434,3666,0.8268
2026,2026-08,2026-08-01,703 KDU-ISB,25,4434,3746,0.8448
2026,2026-08,2026-08-01,704 LHE-KDU,19,3390,2758,0.8136
2026,2026-08,2026-08-01,7044 LHE-LHE,1,174,0,0
2026,2026-08,2026-08-01,705 KDU-LHE,19,3390,2866,0.8454
2026,2026-08,2026-08-01,810 MUX-DXB,28,6104,5454,0.8935
2026,2026-08,2026-08-01,811 DXB-MUX,29,6324,2583,0.4084
2026,2026-08,2026-08-01,812 MUX-SHJ,17,3732,3111,0.8336
2026,2026-08,2026-08-01,813 SHJ-MUX,17,3732,915,0.2452
2026,2026-08,2026-08-01,816 MUX-DXB,1,220,210,0.9545
2026,2026-08,2026-08-01,817 DXB-MUX,1,220,80,0.3636
2026,2026-08,2026-08-01,870 MUX-JED,18,3952,3293,0.8332
2026,2026-08,2026-08-01,871 JED-MUX,18,3952,2763,0.6991
2026,2026-08,2026-08-01,872 MUX-JED,13,2852,2427,0.851
2026,2026-08,2026-08-01,873 JED-MUX,13,2852,2153,0.7549
2026,2026-08,2026-08-01,TOTALS,1120,230734,177223,0.7681
2023,2023-06,2023-06-01,TOTALS (calculated),733.0,143021.0,131393.0,0.9187
